index,freq,nrg_bal,siec,unit,geo\TIME_PERIOD,1990,1991,1992,1993,1994,1995,1996,1997,1998,1999,2000,2001,2002,2003,2004,2005,2006,2007,2008,2009,2010,2011,2012,2013,2014,2015,2016,2017,2018,2019,2020,2021,2022,2023,2024
2105,A,AFC,E7000,GWH,FR,300436.588,319127.99,327987.499,330394.43,334753.416,340842.582,353954.443,353327.053,365451.881,374433.015,381911.522,393152.494,391326.032,405924.556,417680.572,420621.92,425047.561,423534.805,430224.644,412872.262,441759.558,432180.914,448677.201,455596.598,430944.391,440080.157,446160.293,443174.884,440289.989,435746.4,413206.042,432789.984,415919.927,397615.125,398935.463
2146,A,AFC,E7000,KTOE,FR,25832.897,27440.068,28201.849,28408.807,28783.613,29307.187,30434.604,30380.658,31423.206,32195.444,32838.48,33805.03,33647.982,34903.229,35914.065,36166.975,36547.512,36417.438,36992.661,35500.624,37984.485,37160.87,38579.295,39174.256,37054.548,37840.082,38362.88,38106.181,37858.125,37467.446,35529.324,37213.24,35762.676,34188.747,34302.275
2187,A,AFC,E7000,TJ,FR,1081571.719,1148860.764,1180754.996,1189419.948,1205112.299,1227033.295,1274235.994,1271977.39,1315626.77,1347958.855,1374881.479,1415348.979,1408773.714,1461328.403,1503650.058,1514238.911,1530171.218,1524725.297,1548808.717,1486340.145,1590334.408,1555851.291,1615237.924,1640147.753,1551399.807,1584288.566,1606177.055,1595429.582,1585043.962,1568687.042,1487541.751,1558043.943,1497311.737,1431414.449,1436167.667
10961,A,DL,E7000,GWH,FR,27703.0,30238.0,28735.0,29861.0,26269.0,30150.0,31982.0,29626.0,31477.0,30154.0,30411.0,30638.0,30898.0,31749.0,31735.0,32231.0,31805.0,31613.0,33481.0,34878.0,35414.0,36922.672,37855.368,38785.214,34526.921,36140.43,37478.04,38599.301,38620.285,38092.724,35896.94,39194.338,35231.325,37130.685,39054.974
11002,A,DL,E7000,KTOE,FR,2382.029,2600.0,2470.765,2567.584,2258.727,2592.433,2749.957,2547.377,2706.535,2592.777,2614.875,2634.394,2656.75,2729.923,2728.719,2771.367,2734.738,2718.229,2878.848,2998.968,3045.056,3174.778,3254.976,3334.928,2968.781,3107.518,3222.531,3318.942,3320.747,3275.385,3086.581,3370.106,3029.349,3192.664,3358.123
11043,A,DL,E7000,TJ,FR,99730.8,108856.8,103446.0,107499.6,94568.4,108540.0,115135.2,106653.6,113317.2,108554.4,109479.6,110296.8,111232.8,114296.4,114246.0,116031.6,114498.0,113806.8,120531.6,125560.8,127490.4,132921.619,136279.325,139626.77,124296.916,130105.548,134920.944,138957.484,139033.026,137133.806,129228.984,141099.617,126832.77,133670.467,140597.905
19790,A,EXP,E7000,GWH,FR,52112.0,58409.0,58533.0,65093.0,66886.0,72701.0,72428.0,69634.0,62152.0,68108.0,73174.0,72861.0,80739.0,73373.0,68477.0,68390.0,71863.0,67595.0,58736.0,44451.0,50188.0,65914.0,56734.0,60148.0,75063.0,74024.0,61404.0,61248.042,76478.785,73298.799,64575.296,69226.701,37492.746,75903.55,105106.682
19831,A,EXP,E7000,KTOE,FR,4480.825,5022.27,5032.932,5596.991,5751.161,6251.161,6227.687,5987.446,5344.11,5856.234,6291.831,6264.918,6942.304,6308.942,5887.962,5880.482,6179.106,5812.124,5050.387,3822.098,4315.391,5667.584,4878.246,5171.797,6454.256,6364.918,5279.794,5266.384,6575.992,6302.562,5552.476,5952.425,3223.796,6526.531,9037.548
19872,A,EXP,E7000,TJ,FR,187603.2,210272.4,210718.8,234334.8,240789.6,261723.6,260740.8,250682.4,223747.2,245188.8,263426.4,262299.6,290660.4,264142.8,246517.2,246204.0,258706.8,243342.0,211449.6,160023.6,180676.8,237290.4,204242.4,216532.8,270226.8,266486.4,221054.4,220492.951,275323.626,263875.676,232471.066,249216.124,134973.886,273252.78,378384.054
28625,A,FC_E,E7000,GWH,FR,302230.0,321362.0,330327.0,332598.0,337493.0,342850.0,355834.0,355458.0,367437.0,374959.0,384903.0,395777.0,393486.0,408400.0,420160.0,422771.0,426925.0,426015.0,432736.0,417955.0,444089.0,424492.199,443797.298,450918.39,425402.194,435031.637,442743.358,439365.409,437102.253,431704.8,411359.415,432837.369,414276.165,397499.77,398264.37
28666,A,FC_E,E7000,KTOE,FR,25987.102,27632.158,28403.009,28598.28,29019.175,29479.794,30596.217,30563.887,31593.895,32240.671,33095.701,34030.696,33833.706,35116.079,36127.257,36351.763,36708.942,36630.696,37208.598,35937.661,38184.781,36499.759,38159.699,38772.003,36578.005,37405.988,38069.076,37778.625,37584.029,37119.931,35370.543,37217.315,35621.338,34178.828,34244.572
28707,A,FC_E,E7000,TJ,FR,1088028.0,1156903.2,1189177.2,1197352.8,1214974.8,1234260.0,1281002.4,1279648.8,1322773.2,1349852.4,1385650.8,1424797.2,1416549.6,1470240.0,1512576.0,1521975.6,1536930.0,1533654.0,1557849.6,1504638.0,1598720.4,1528171.916,1597670.273,1623306.204,1531447.898,1566113.893,1593876.089,1581715.472,1573568.111,1554137.28,1480893.894,1558214.528,1491394.193,1430999.173,1433751.734
37457,A,FC_IND_CON_E,E7000,GWH,FR,2096.0,2263.0,2008.0,1918.0,1591.0,1639.0,1586.0,1542.0,1531.0,1511.0,1496.0,1533.0,1457.0,1587.0,1650.0,1735.0,1859.0,1956.0,2539.0,1899.0,2169.0,4312.803,4499.964,4493.776,4003.411,3873.635,3900.983,3868.651,3971.597,4137.519,3846.826,4107.49,4076.15,3927.007,3388.684
37498,A,FC_IND_CON_E,E7000,KTOE,FR,180.224,194.583,172.657,164.918,136.801,140.929,136.371,132.588,131.642,129.923,128.633,131.814,125.279,136.457,141.874,149.183,159.845,168.186,218.315,163.285,186.5,370.834,386.927,386.395,344.231,333.073,335.424,332.644,341.496,355.763,330.767,353.181,350.486,337.662,291.374
37539,A,FC_IND_CON_E,E7000,TJ,FR,7545.6,8146.8,7228.8,6904.8,5727.6,5900.4,5709.6,5551.2,5511.6,5439.6,5385.6,5518.8,5245.2,5713.2,5940.0,6246.0,6692.4,7041.6,9140.4,6836.4,7808.4,15526.091,16199.87,16177.594,14412.28,13945.086,14043.539,13927.144,14297.749,14895.068,13848.574,14786.964,14674.139,14137.224,12199.264
46286,A,FC_IND_CPC_E,E7000,GWH,FR,26791.0,27231.0,28426.0,28920.0,24160.0,24034.0,24478.0,25452.0,25835.0,25085.0,25735.0,25106.0,24738.0,23566.0,24035.0,24932.0,24720.0,24844.0,30704.0,26559.0,27640.0,19343.221,18852.767,18725.406,19366.776,19074.84,19086.927,19481.411,19187.963,19646.702,18988.727,19330.151,17932.717,17426.866,19368.869
46327,A,FC_IND_CPC_E,E7000,KTOE,FR,2303.611,2341.445,2444.196,2486.672,2077.386,2066.552,2104.729,2188.478,2221.41,2156.922,2212.812,2158.727,2127.085,2026.311,2066.638,2143.766,2125.537,2136.199,2640.069,2283.663,2376.612,1663.218,1621.046,1610.095,1665.243,1640.141,1641.18,1675.1,1649.868,1689.312,1632.737,1662.094,1541.936,1498.441,1665.423
46368,A,FC_IND_CPC_E,E7000,TJ,FR,96447.6,98031.6,102333.6,104112.0,86976.0,86522.4,88120.8,91627.2,93006.0,90306.0,92646.0,90381.6,89056.8,84837.6,86526.0,89755.2,88992.0,89438.4,110534.4,95612.4,99504.0,69635.596,67869.961,67411.462,69720.394,68669.424,68712.937,70133.08,69076.667,70728.127,68359.417,69588.544,64557.783,62736.718,69727.929
55115,A,FC_IND_E,E7000,GWH,FR,114666.0,116946.0,121052.0,120648.0,120918.0,123607.0,124540.0,127699.0,131987.0,132610.0,134656.0,134661.0,133350.0,133840.0,136588.0,139547.0,134264.0,132599.0,128644.0,111722.0,117444.0,119173.777,119710.048,118137.069,117114.065,115907.879,117705.933,116738.123,116923.494,115656.09,105803.333,112499.297,106879.533,101767.22,100032.693
55156,A,FC_IND_E,E7000,KTOE,FR,9859.501,10055.546,10408.598,10373.861,10397.077,10628.289,10708.512,10980.138,11348.839,11402.408,11578.332,11578.762,11466.036,11508.169,11744.454,11998.882,11544.626,11401.462,11061.393,9606.363,10098.366,10247.1,10293.211,10157.96,10069.997,9966.284,10120.888,10037.672,10053.611,9944.634,9097.449,9673.198,9189.986,8750.406,8601.263
55197,A,FC_IND_E,E7000,TJ,FR,412797.6,421005.6,435787.2,434332.8,435304.8,444985.2,448344.0,459716.4,475153.2,477396.0,484761.6,484779.6,480060.0,481824.0,491716.8,502369.2,483350.4,477356.4,463118.4,402199.2,422798.4,429025.597,430956.173,425293.448,421610.634,417268.364,423741.359,420257.243,420924.578,416361.924,380891.999,404997.469,384766.318,366361.991,360117.693
63947,A,FC_IND_FBT_E,E7000,GWH,FR,13797.0,14602.0,15161.0,15228.0,15595.0,16281.0,16253.0,16865.0,16740.0,17186.0,17700.0,18444.0,18931.0,19595.0,19259.0,19748.0,20100.0,20294.0,20380.0,20087.0,20102.0,21594.22,22598.314,22506.862,22414.93,22424.553,22807.664,22106.603,23261.962,23045.493,22104.185,22420.144,22818.444,21832.576,22155.031
63988,A,FC_IND_FBT_E,E7000,KTOE,FR,1186.328,1255.546,1303.611,1309.372,1340.929,1399.914,1397.506,1450.129,1439.381,1477.73,1521.926,1585.899,1627.773,1684.867,1655.976,1698.022,1728.289,1744.97,1752.365,1727.171,1728.461,1856.769,1943.105,1935.242,1927.337,1928.164,1961.106,1900.826,2000.169,1981.556,1900.618,1927.785,1962.033,1877.264,1904.99
64029,A,FC_IND_FBT_E,E7000,TJ,FR,49669.2,52567.2,54579.6,54820.8,56142.0,58611.6,58510.8,60714.0,60264.0,61869.6,63720.0,66398.4,68151.6,70542.0,69332.4,71092.8,72360.0,73058.4,73368.0,72313.2,72367.2,77739.192,81353.93,81024.703,80693.748,80728.391,82107.59,79583.771,83743.063,82963.775,79575.066,80712.518,82146.397,78597.274,79758.112
72776,A,FC_IND_IS_E,E7000,GWH,FR,11643.0,11712.0,11870.0,11620.0,14174.0,14558.0,14617.0,15739.0,15803.0,15284.0,17152.0,16714.0,16162.0,15561.0,16362.0,15611.0,15924.0,15861.0,11897.0,8821.0,10217.0,14566.752,14456.066,14235.686,14485.991,13848.374,14131.944,13640.819,13866.187,12764.351,9925.03,12950.0,11284.267,10284.547,8983.963
72817,A,FC_IND_IS_E,E7000,KTOE,FR,1001.118,1007.051,1020.636,999.14,1218.745,1251.763,1256.836,1353.31,1358.813,1314.187,1474.807,1437.145,1389.682,1338.005,1406.879,1342.304,1369.218,1363.801,1022.958,758.469,878.504,1252.515,1242.998,1224.049,1245.571,1190.746,1215.128,1172.899,1192.277,1097.537,853.399,1113.5,970.272,884.312,772.482
72858,A,FC_IND_IS_E,E7000,TJ,FR,41914.8,42163.2,42732.0,41832.0,51026.4,52408.8,52621.2,56660.4,56890.8,55022.4,61747.2,60170.4,58183.2,56019.6,58903.2,56199.6,57326.4,57099.6,42829.2,31755.6,36781.2,52440.307,52041.838,51248.47,52149.568,49854.146,50874.998,49106.948,49918.273,45951.664,35730.108,46620.0,40623.363,37024.368,32342.265
81605,A,FC_IND_MAC_E,E7000,GWH,FR,13633.0,14187.0,14368.0,13967.0,13962.0,14856.0,15197.0,15672.0,16262.0,16592.0,14826.0,14658.0,14497.0,13826.0,13815.0,11917.0,13587.0,13572.0,17299.0,14662.0,15936.0,13208.137,13129.96,13074.703,12525.842,12477.557,12522.136,12503.516,12417.93,12179.813,10792.838,11474.812,11138.674,10585.048,10756.306
81646,A,FC_IND_MAC_E,E7000,KTOE,FR,1172.227,1219.862,1235.426,1200.946,1200.516,1277.386,1306.707,1347.549,1398.28,1426.655,1274.807,1260.361,1246.518,1188.822,1187.876,1024.678,1168.272,1166.982,1487.446,1260.705,1370.249,1135.695,1128.973,1124.222,1077.029,1072.877,1076.71,1075.109,1067.75,1047.275,928.017,986.656,957.754,910.15,924.876
81687,A,FC_IND_MAC_E,E7000,TJ,FR,49078.8,51073.2,51724.8,50281.2,50263.2,53481.6,54709.2,56419.2,58543.2,59731.2,53373.6,52768.8,52189.2,49773.6,49734.0,42901.2,48913.2,48859.2,62276.4,52783.2,57369.6,47549.293,47267.856,47068.931,45093.031,44919.205,45079.69,45012.658,44704.548,43847.327,38854.217,41309.323,40099.226,38106.172,38722.701
90434,A,FC_IND_MQ_E,E7000,GWH,FR,3663.0,3541.0,3294.0,2998.0,1014.0,1050.0,980.0,967.0,864.0,767.0,1886.0,1797.0,1766.0,1668.0,1702.0,1653.0,1624.0,1658.0,680.0,552.0,575.0,1779.098,1772.241,1777.736,1741.018,1669.22,1624.214,1660.044,1640.267,1559.687,1502.844,1577.936,1329.21,1245.758,993.386
90475,A,FC_IND_MQ_E,E7000,KTOE,FR,314.961,304.471,283.233,257.782,87.188,90.284,84.265,83.147,74.291,65.95,162.167,154.514,151.849,143.422,146.346,142.132,139.639,142.562,58.469,47.463,49.441,152.975,152.385,152.858,149.701,143.527,139.657,142.738,141.038,134.109,129.221,135.678,114.291,107.116,85.416
90516,A,FC_IND_MQ_E,E7000,TJ,FR,13186.8,12747.6,11858.4,10792.8,3650.4,3780.0,3528.0,3481.2,3110.4,2761.2,6789.6,6469.2,6357.6,6004.8,6127.2,5950.8,5846.4,5968.8,2448.0,1987.2,2070.0,6404.753,6380.068,6399.85,6267.665,6009.192,5847.17,5976.158,5904.961,5614.873,5410.238,5680.57,4785.155,4484.729,3576.189
99214,A,FC_IND_NE,E7000,GWH,FR,,,,,,,,,,,,,,,,,,,,,,,,,,,,,,,,,,,
99254,A,FC_IND_NE,E7000,KTOE,FR,,,,,,,,,,,,,,,,,,,,,,,,,,,,,,,,,,,
99294,A,FC_IND_NE,E7000,TJ,FR,,,,,,,,,,,,,,,,,,,,,,,,,,,,,,,,,,,
107987,A,FC_IND_NFM_E,E7000,GWH,FR,10539.0,9742.0,11497.0,11480.0,8480.0,8274.0,8435.0,8620.0,9004.0,9421.0,9701.0,10080.0,10211.0,9919.0,10197.0,9833.0,9548.0,9287.0,7902.0,7152.0,7468.0,7887.121,7728.526,7617.257,8043.428,8477.292,8578.124,8669.948,7993.008,8092.222,7980.582,8312.402,7100.678,7518.433,6748.868
108028,A,FC_IND_NFM_E,E7000,KTOE,FR,906.191,837.661,988.564,987.102,729.149,711.436,725.279,741.187,774.205,810.06,834.136,866.724,877.988,852.88,876.784,845.486,820.98,798.538,679.45,614.961,642.132,678.17,664.534,654.966,691.61,728.916,737.586,745.481,687.275,695.806,686.207,714.738,610.548,646.469,580.298
108069,A,FC_IND_NFM_E,E7000,TJ,FR,37940.4,35071.2,41389.2,41328.0,30528.0,29786.4,30366.0,31032.0,32414.4,33915.6,34923.6,36288.0,36759.6,35708.4,36709.2,35398.8,34372.8,33433.2,28447.2,25747.2,26884.8,28393.636,27822.694,27422.125,28956.341,30518.251,30881.246,31211.813,28774.829,29131.999,28730.095,29924.647,25562.439,27066.36,24295.925
116816,A,FC_IND_NMM_E,E7000,GWH,FR,6363.0,6364.0,6322.0,6340.0,8521.0,8815.0,8781.0,8780.0,8900.0,9667.0,8124.0,8374.0,8550.0,8582.0,9013.0,8832.0,9005.0,8918.0,10010.0,8664.0,9174.0,8627.993,8449.067,8310.65,8092.774,7920.201,8144.605,8198.407,8219.369,8322.967,7557.95,8003.165,7804.724,7214.885,6499.955
116857,A,FC_IND_NMM_E,E7000,KTOE,FR,547.12,547.206,543.594,545.142,732.674,757.954,755.03,754.944,765.262,831.212,698.538,720.034,735.168,737.919,774.979,759.415,774.291,766.81,860.705,744.97,788.822,741.874,726.489,714.587,695.853,681.015,700.31,704.936,706.739,715.646,649.867,688.148,671.085,620.368,558.896
116898,A,FC_IND_NMM_E,E7000,TJ,FR,22906.8,22910.4,22759.2,22824.0,30675.6,31734.0,31611.6,31608.0,32040.0,34801.2,29246.4,30146.4,30780.0,30895.2,32446.8,31795.2,32418.0,32104.8,36036.0,31190.4,33026.4,31060.775,30416.641,29918.34,29133.986,28512.724,29320.578,29514.265,29589.728,29962.681,27208.62,28811.394,28097.007,25973.586,23399.838
125645,A,FC_IND_NSP_E,E7000,GWH,FR,560.0,963.0,661.0,832.0,5816.0,6063.0,6258.0,4996.0,7334.0,7621.0,9895.0,10658.0,9748.0,12714.0,13683.0,18689.0,12163.0,10942.0,3471.0,3116.0,3393.0,7646.125,8387.696,8358.377,7936.286,8062.143,8314.681,8321.361,7971.817,8000.306,7142.123,7555.077,7262.676,6675.052,6166.837
125686,A,FC_IND_NSP_E,E7000,KTOE,FR,48.151,82.803,56.836,71.539,500.086,521.324,538.091,429.579,630.61,655.288,850.817,916.423,838.177,1093.207,1176.526,1606.965,1045.83,940.843,298.452,267.928,291.745,657.448,721.212,718.691,682.398,693.22,714.934,715.508,685.453,687.902,614.112,649.62,624.478,573.951,530.253
125727,A,FC_IND_NSP_E,E7000,TJ,FR,2016.0,3466.8,2379.6,2995.2,20937.6,21826.8,22528.8,17985.6,26402.4,27435.6,35622.0,38368.8,35092.8,45770.4,49258.8,67280.4,43786.8,39391.2,12495.6,11217.6,12214.8,27526.05,30195.706,30090.157,28570.63,29023.715,29932.852,29956.9,28698.541,28801.102,25711.643,27198.277,26145.634,24030.187,22200.613
134474,A,FC_IND_PPP_E,E7000,GWH,FR,9385.0,9926.0,10708.0,11230.0,11635.0,11475.0,11109.0,11824.0,11802.0,11818.0,13693.0,13337.0,13617.0,13288.0,13368.0,13490.0,13076.0,12822.0,10580.0,9053.0,9204.0,10036.376,9636.532,9035.434,8686.343,8249.051,8205.534,7978.585,7924.949,7515.686,6732.886,6952.856,6627.612,5705.561,5894.495
134515,A,FC_IND_PPP_E,E7000,KTOE,FR,806.965,853.482,920.722,965.606,1000.43,986.672,955.202,1016.681,1014.789,1016.165,1177.386,1146.776,1170.851,1142.562,1149.441,1159.931,1124.334,1102.494,909.716,778.418,791.402,862.973,828.593,776.907,746.891,709.291,705.549,686.035,681.423,646.233,578.924,597.838,569.872,490.59,506.835
134556,A,FC_IND_PPP_E,E7000,TJ,FR,33786.0,35733.6,38548.8,40428.0,41886.0,41310.0,39992.4,42566.4,42487.2,42544.8,49294.8,48013.2,49021.2,47836.8,48124.8,48564.0,47073.6,46159.2,38088.0,32590.8,33134.4,36130.954,34691.515,32527.562,31270.835,29696.584,29539.922,28722.906,28529.816,27056.47,24238.39,25030.282,23859.404,20540.018,21220.182
143303,A,FC_IND_TE_E,E7000,GWH,FR,8017.0,8070.0,8233.0,7950.0,7320.0,7622.0,7796.0,7922.0,8385.0,8557.0,8661.0,8337.0,8354.0,8371.0,8403.0,8264.0,7960.0,7881.0,8671.0,7305.0,7560.0,6297.357,6278.007,6169.179,6075.566,6123.872,6679.887,6600.893,6727.441,6636.749,5832.708,6135.778,6017.523,6110.406,5873.38
143344,A,FC_IND_TE_E,E7000,KTOE,FR,689.338,693.895,707.911,683.577,629.407,655.374,670.335,681.169,720.98,735.77,744.712,716.853,718.315,719.776,722.528,710.576,684.437,677.644,745.572,628.117,650.043,541.475,539.811,530.454,522.405,526.558,574.367,567.575,578.456,570.658,501.523,527.582,517.414,525.4,505.02
143385,A,FC_IND_TE_E,E7000,TJ,FR,28861.2,29052.0,29638.8,28620.0,26352.0,27439.2,28065.6,28519.2,30186.0,30805.2,31179.6,30013.2,30074.4,30135.6,30250.8,29750.4,28656.0,28371.6,31215.6,26298.0,27216.0,22670.485,22600.825,22209.044,21872.038,22045.939,24047.593,23763.215,24218.788,23892.296,20997.749,22088.801,21663.084,21997.463,21144.167
152132,A,FC_IND_TL_E,E7000,GWH,FR,4241.0,4193.0,4194.0,3980.0,3837.0,3878.0,3809.0,3880.0,3903.0,3661.0,3630.0,3418.0,3151.0,2942.0,2825.0,2567.0,2398.0,2271.0,2069.0,1714.0,1758.0,1691.659,1679.72,1619.147,1589.091,1513.977,1546.472,1534.542,1531.816,1461.073,1272.268,1338.773,1308.489,1181.442,1111.136
152173,A,FC_IND_TL_E,E7000,KTOE,FR,364.66,360.533,360.619,342.218,329.923,333.448,327.515,333.62,335.598,314.789,312.124,293.895,270.937,252.966,242.906,220.722,206.191,195.271,177.902,147.377,151.161,145.456,144.43,139.222,136.637,130.179,132.973,131.947,131.712,125.63,109.395,115.114,112.51,101.586,95.541
152214,A,FC_IND_TL_E,E7000,TJ,FR,15267.6,15094.8,15098.4,14328.0,13813.2,13960.8,13712.4,13968.0,14050.8,13179.6,13068.0,12304.8,11343.6,10591.2,10170.0,9241.2,8632.8,8175.6,7448.4,6170.4,6328.8,6089.972,6046.992,5828.929,5720.728,5450.317,5567.299,5524.351,5514.538,5259.863,4580.165,4819.583,4710.561,4253.189,4000.091
160961,A,FC_IND_WP_E,E7000,GWH,FR,3938.0,4152.0,4310.0,4185.0,4813.0,5062.0,5241.0,5440.0,5624.0,5440.0,2157.0,2205.0,2168.0,2221.0,2276.0,2276.0,2300.0,2293.0,2442.0,2138.0,2248.0,2182.915,2241.188,2212.856,2152.609,2193.164,2162.762,2173.343,2209.188,2293.522,2124.366,2340.713,2178.368,2059.64,2091.783
161002,A,FC_IND_WP_E,E7000,KTOE,FR,338.607,357.008,370.593,359.845,413.844,435.254,450.645,467.756,483.577,467.756,185.469,189.596,186.414,190.972,195.701,195.701,197.764,197.163,209.974,183.835,193.293,187.697,192.707,190.271,185.091,188.578,185.964,186.874,189.956,197.207,182.663,201.265,187.306,177.097,179.861
161043,A,FC_IND_WP_E,E7000,TJ,FR,14176.8,14947.2,15516.0,15066.0,17326.8,18223.2,18867.6,19584.0,20246.4,19584.0,7765.2,7938.0,7804.8,7995.6,8193.6,8193.6,8280.0,8254.8,8791.2,7696.8,8092.8,7858.494,8068.277,7966.282,7749.392,7895.39,7785.943,7824.035,7953.077,8256.679,7647.718,8426.567,7842.126,7414.703,7530.418
169789,A,FC_NE,E7000,GWH,FR,,,,,,,,,,,,,,,,,,,,,,,,,,,,,,,,,,,
169829,A,FC_NE,E7000,KTOE,FR,,,,,,,,,,,,,,,,,,,,,,,,,,,,,,,,,,,
169869,A,FC_NE,E7000,TJ,FR,,,,,,,,,,,,,,,,,,,,,,,,,,,,,,,,,,,
178574,A,FC_OTH_AF_E,E7000,GWH,FR,2106.0,2267.0,2294.0,2235.0,2620.0,2618.0,2887.0,2724.0,2708.0,2608.0,2726.0,2879.0,3002.0,3283.0,6899.0,7326.0,7485.0,6907.0,6606.0,7460.0,7616.0,8083.132,8391.799,8681.473,8038.91,8701.564,8705.184,8721.434,8432.247,8268.725,7905.958,7469.965,7477.102,6821.602,7069.314
178615,A,FC_OTH_AF_E,E7000,KTOE,FR,181.083,194.927,197.248,192.175,225.279,225.107,248.237,234.222,232.846,224.248,234.394,247.549,258.126,282.287,593.207,629.923,643.594,593.895,568.014,641.445,654.858,695.024,721.565,746.472,691.222,748.2,748.511,749.908,725.043,710.982,679.79,642.301,642.915,586.552,607.852
178656,A,FC_OTH_AF_E,E7000,TJ,FR,7581.6,8161.2,8258.4,8046.0,9432.0,9424.8,10393.2,9806.4,9748.8,9388.8,9813.6,10364.4,10807.2,11818.8,24836.4,26373.6,26946.0,24865.2,23781.6,26856.0,27417.6,29099.275,30210.476,31253.303,28940.076,31325.63,31338.662,31397.162,30356.089,29767.41,28461.449,26891.874,26917.566,24557.769,25449.529
187403,A,FC_OTH_CP_E,E7000,GWH,FR,80762.0,87520.0,89763.0,90755.0,94943.0,95011.0,96867.0,94797.0,96741.0,99830.0,106313.0,108778.0,108712.0,116183.0,120337.0,125188.0,129924.0,133217.0,132482.0,136668.0,144664.0,137705.936,143911.118,144158.383,137961.691,141359.283,141875.234,141399.124,140491.45,136609.075,126482.656,132134.962,132245.235,125337.724,126007.367
187444,A,FC_OTH_CP_E,E7000,KTOE,FR,6944.282,7525.365,7718.229,7803.525,8163.629,8169.475,8329.063,8151.075,8318.229,8583.835,9141.273,9353.224,9347.549,9989.94,10347.12,10764.23,11171.453,11454.6,11391.402,11751.333,12438.865,11840.579,12374.129,12395.39,11862.57,12154.71,12199.074,12158.136,12080.09,11746.266,10875.551,11361.562,11371.043,10777.104,10834.683
187485,A,FC_OTH_CP_E,E7000,TJ,FR,290743.2,315072.0,323146.8,326718.0,341794.8,342039.6,348721.2,341269.2,348267.6,359388.0,382726.8,391600.8,391363.2,418258.8,433213.2,450676.8,467726.4,479581.2,476935.2,492004.8,520790.4,495741.37,518080.025,518970.179,496662.088,508893.419,510750.842,509036.846,505769.22,491792.67,455337.562,475685.863,476082.845,451215.805,453626.523
196235,A,FC_OTH_E,E7000,GWH,FR,180091.0,196941.0,201650.0,204460.0,208784.0,211509.0,222731.0,219005.0,226481.0,233247.0,240867.0,251569.0,250468.0,264773.0,273548.0,273363.0,282679.0,283388.0,293672.0,296154.0,316608.0,294790.665,313373.46,321948.517,297742.985,308422.38,314517.017,312047.776,310089.238,305967.582,297217.685,310685.062,296426.124,284307.593,285477.155
196276,A,FC_OTH_E,E7000,KTOE,FR,15485.039,16933.878,17338.779,17580.396,17952.193,18186.5,19151.419,18831.04,19473.861,20055.632,20710.834,21631.04,21536.371,22766.38,23520.894,23504.987,24306.019,24366.982,25251.247,25464.66,27223.388,25347.435,26945.267,27682.59,25601.288,26519.551,27043.596,26831.279,26662.875,26308.477,25556.121,26714.107,25488.059,24446.053,24546.617
196317,A,FC_OTH_E,E7000,TJ,FR,648327.6,708987.6,725940.0,736056.0,751622.4,761432.4,801831.6,788418.0,815331.6,839689.2,867121.2,905648.4,901684.8,953182.8,984772.8,984106.8,1017644.4,1020196.8,1057219.2,1066154.4,1139788.8,1061246.394,1128144.456,1159014.661,1071874.746,1110320.568,1132261.261,1123371.994,1116321.257,1101483.295,1069983.666,1118466.223,1067134.046,1023507.336,1027717.756
205067,A,FC_OTH_FISH_E,E7000,GWH,FR,0.0,0.0,0.0,0.0,0.0,0.0,0.0,0.0,0.0,0.0,0.0,0.0,0.0,105.0,105.0,109.0,113.0,115.0,118.0,118.0,123.0,208.948,209.843,211.399,205.963,203.798,209.004,207.399,209.71,210.693,173.527,179.988,176.946,169.987,167.896
205108,A,FC_OTH_FISH_E,E7000,KTOE,FR,0.0,0.0,0.0,0.0,0.0,0.0,0.0,0.0,0.0,0.0,0.0,0.0,0.0,9.028,9.028,9.372,9.716,9.888,10.146,10.146,10.576,17.966,18.043,18.177,17.71,17.523,17.971,17.833,18.032,18.116,14.921,15.476,15.215,14.616,14.436
205149,A,FC_OTH_FISH_E,E7000,TJ,FR,0.0,0.0,0.0,0.0,0.0,0.0,0.0,0.0,0.0,0.0,0.0,0.0,0.0,378.0,378.0,392.4,406.8,414.0,424.8,424.8,442.8,752.213,755.435,761.036,741.467,733.673,752.414,746.636,754.956,758.495,624.697,647.957,637.007,611.952,604.427
213896,A,FC_OTH_HH_E,E7000,GWH,FR,96908.0,106817.0,109593.0,111470.0,111221.0,108842.0,120509.0,119084.0,123147.0,126933.0,128720.0,133887.0,132998.0,141554.0,143380.0,138483.0,143327.0,141589.0,152652.0,149032.0,161520.0,148030.183,160088.181,168129.225,150814.993,157301.715,163104.102,161122.891,160235.864,159722.077,161498.532,169515.147,155197.841,150736.28,150939.777
213937,A,FC_OTH_HH_E,E7000,KTOE,FR,8332.588,9184.609,9423.302,9584.695,9563.285,9358.727,10361.909,10239.381,10588.736,10914.273,11067.928,11512.21,11435.77,12171.453,12328.461,11907.395,12323.904,12174.463,13125.709,12814.445,13888.22,12728.305,13765.106,14456.511,12967.755,13525.513,14024.428,13854.075,13777.804,13733.627,13886.374,14575.679,13344.612,12960.987,12978.485
213978,A,FC_OTH_HH_E,E7000,TJ,FR,348868.8,384541.2,394534.8,401292.0,400395.6,391831.2,433832.4,428702.4,443329.2,456958.8,463392.0,481993.2,478792.8,509594.4,516168.0,498538.8,515977.2,509720.4,549547.2,536515.2,581472.0,532908.659,576317.452,605265.21,542933.975,566286.174,587174.767,580042.408,576849.11,574999.477,581394.715,610254.529,558712.229,542650.609,543383.198
222727,A,FC_OTH_NE,E7000,GWH,FR,,,,,,,,,,,,,,,,,,,,,,,,,,,,,,,,,,,
222767,A,FC_OTH_NE,E7000,KTOE,FR,,,,,,,,,,,,,,,,,,,,,,,,,,,,,,,,,,,
222807,A,FC_OTH_NE,E7000,TJ,FR,,,,,,,,,,,,,,,,,,,,,,,,,,,,,,,,,,,
231512,A,FC_OTH_NSP_E,E7000,GWH,FR,315.0,337.0,0.0,0.0,0.0,5038.0,2468.0,2400.0,3885.0,3876.0,3108.0,6025.0,5756.0,3648.0,2827.0,2257.0,1830.0,1560.0,1814.0,2876.0,2685.0,762.466,772.519,768.037,721.428,856.02,623.493,596.928,719.967,1157.012,1157.012,1385.0,1329.0,1242.0,1292.8
231553,A,FC_OTH_NSP_E,E7000,KTOE,FR,27.085,28.977,0.0,0.0,0.0,433.19,212.21,206.363,334.05,333.276,267.24,518.057,494.927,313.672,243.078,194.067,157.352,134.136,155.976,247.291,230.868,65.56,66.425,66.039,62.032,73.604,53.611,51.327,61.906,99.485,99.485,119.089,114.273,106.793,111.161
231594,A,FC_OTH_NSP_E,E7000,TJ,FR,1134.0,1213.2,0.0,0.0,0.0,18136.8,8884.8,8640.0,13986.0,13953.6,11188.8,21690.0,20721.6,13132.8,10177.2,8125.2,6588.0,5616.0,6530.4,10353.6,9666.0,2744.878,2781.068,2764.933,2597.141,3081.672,2244.575,2148.941,2591.881,4165.243,4165.243,4986.0,4784.4,4471.2,4654.08
240295,A,FC_TRA_DAVI_E,E7000,GWH,FR,,,,,,,,,,,,,,,,,,,,,,,,,,,,,,,,,,,
240335,A,FC_TRA_DAVI_E,E7000,KTOE,FR,,,,,,,,,,,,,,,,,,,,,,,,,,,,,,,,,,,
240375,A,FC_TRA_DAVI_E,E7000,TJ,FR,,,,,,,,,,,,,,,,,,,,,,,,,,,,,,,,,,,
249064,A,FC_TRA_DNAVI_E,E7000,GWH,FR,,,,,,,,,,,,,,,,,,,,,,,,,,,,,,,,,,,
249104,A,FC_TRA_DNAVI_E,E7000,KTOE,FR,,,,,,,,,,,,,,,,,,,,,,,,,,,,,,,,,,,
249144,A,FC_TRA_DNAVI_E,E7000,TJ,FR,,,,,,,,,,,,,,,,,,,,,,,,,,,,,,,,,,,
257885,A,FC_TRA_E,E7000,GWH,FR,7473.0,7475.0,7625.0,7490.0,7791.0,7734.0,8563.0,8754.0,8969.0,9102.0,9380.0,9547.0,9668.0,9787.0,10024.0,9861.0,9982.0,10028.0,10420.0,10079.0,10037.0,10527.757,10713.79,10832.804,10545.144,10701.378,10520.408,10579.51,10089.521,10081.128,8338.397,9653.01,10970.508,11424.957,12754.523
257926,A,FC_TRA_E,E7000,KTOE,FR,642.562,642.734,655.632,644.024,669.905,665.004,736.285,752.709,771.195,782.631,806.535,820.894,831.298,841.531,861.909,847.893,858.298,862.253,895.959,866.638,863.027,905.224,921.22,931.453,906.719,920.153,904.592,909.674,867.543,866.821,716.973,830.009,943.294,982.37,1096.692
257967,A,FC_TRA_E,E7000,TJ,FR,26902.8,26910.0,27450.0,26964.0,28047.6,27842.4,30826.8,31514.4,32288.4,32767.2,33768.0,34369.2,34804.8,35233.2,36086.4,35499.6,35935.2,36100.8,37512.0,36284.4,36133.2,37899.925,38569.644,38998.094,37962.518,38524.961,37873.469,38086.236,36322.276,36292.061,30018.229,34750.836,39493.829,41129.846,45916.284
266710,A,FC_TRA_NE,E7000,GWH,FR,,,,,,,,,,,,,,,,,,,,,,,,,,,,,,,,,,,
266750,A,FC_TRA_NE,E7000,KTOE,FR,,,,,,,,,,,,,,,,,,,,,,,,,,,,,,,,,,,
266790,A,FC_TRA_NE,E7000,TJ,FR,,,,,,,,,,,,,,,,,,,,,,,,,,,,,,,,,,,
275495,A,FC_TRA_NSP_E,E7000,GWH,FR,0.0,0.0,0.0,0.0,0.0,0.0,0.0,0.0,0.0,0.0,0.0,0.0,0.0,0.0,0.0,0.0,0.0,0.0,0.0,0.0,0.0,655.233,698.877,687.632,632.927,634.503,605.433,553.871,465.394,562.445,419.214,337.004,522.119,489.005,500.184
275536,A,FC_TRA_NSP_E,E7000,KTOE,FR,0.0,0.0,0.0,0.0,0.0,0.0,0.0,0.0,0.0,0.0,0.0,0.0,0.0,0.0,0.0,0.0,0.0,0.0,0.0,0.0,0.0,56.34,60.093,59.126,54.422,54.557,52.058,47.624,40.017,48.362,36.046,28.977,44.894,42.047,43.008
275577,A,FC_TRA_NSP_E,E7000,TJ,FR,0.0,0.0,0.0,0.0,0.0,0.0,0.0,0.0,0.0,0.0,0.0,0.0,0.0,0.0,0.0,0.0,0.0,0.0,0.0,0.0,0.0,2358.839,2515.957,2475.475,2278.537,2284.211,2179.559,1993.936,1675.418,2024.802,1509.17,1213.214,1879.627,1760.419,1800.661
284273,A,FC_TRA_PIPE_E,E7000,GWH,FR,0.0,0.0,0.0,0.0,0.0,0.0,0.0,0.0,0.0,0.0,0.0,0.0,0.0,0.0,0.0,0.0,0.0,0.0,0.0,0.0,0.0,704.096,699.463,714.754,700.674,707.376,708.263,785.613,759.87,720.915,559.481,596.191,647.397,666.994,666.994
284314,A,FC_TRA_PIPE_E,E7000,KTOE,FR,0.0,0.0,0.0,0.0,0.0,0.0,0.0,0.0,0.0,0.0,0.0,0.0,0.0,0.0,0.0,0.0,0.0,0.0,0.0,0.0,0.0,60.541,60.143,61.458,60.247,60.823,60.9,67.551,65.337,61.988,48.107,51.263,55.666,57.351,57.351
284355,A,FC_TRA_PIPE_E,E7000,TJ,FR,0.0,0.0,0.0,0.0,0.0,0.0,0.0,0.0,0.0,0.0,0.0,0.0,0.0,0.0,0.0,0.0,0.0,0.0,0.0,0.0,0.0,2534.746,2518.067,2573.114,2522.426,2546.554,2549.747,2828.207,2735.532,2595.294,2014.132,2146.288,2330.629,2401.177,2401.177
293048,A,FC_TRA_RAIL_E,E7000,GWH,FR,7473.0,7475.0,7625.0,7490.0,7791.0,7734.0,8563.0,8754.0,8969.0,9102.0,9380.0,9547.0,9668.0,9787.0,10024.0,9861.0,9982.0,10028.0,10420.0,10079.0,10037.0,9141.632,9278.096,9373.188,9130.861,9249.59,9059.666,9047.587,8622.831,8470.252,6935.421,7832.496,8266.319,8006.542,8364.445
293089,A,FC_TRA_RAIL_E,E7000,KTOE,FR,642.562,642.734,655.632,644.024,669.905,665.004,736.285,752.709,771.195,782.631,806.535,820.894,831.298,841.531,861.909,847.893,858.298,862.253,895.959,866.638,863.027,786.039,797.773,805.949,785.113,795.322,778.991,777.952,741.43,728.311,596.339,673.473,710.775,688.439,719.213
293130,A,FC_TRA_RAIL_E,E7000,TJ,FR,26902.8,26910.0,27450.0,26964.0,28047.6,27842.4,30826.8,31514.4,32288.4,32767.2,33768.0,34369.2,34804.8,35233.2,36086.4,35499.6,35935.2,36100.8,37512.0,36284.4,36133.2,32909.875,33401.146,33743.477,32871.1,33298.524,32614.798,32571.313,31042.192,30492.907,24967.516,28196.986,29758.748,28823.551,30112.001
301823,A,FC_TRA_ROAD_E,E7000,GWH,FR,0.0,0.0,0.0,0.0,0.0,0.0,0.0,0.0,0.0,0.0,0.0,0.0,0.0,0.0,0.0,0.0,0.0,0.0,0.0,0.0,0.0,26.796,37.354,57.23,80.682,109.909,147.046,192.439,241.426,327.516,424.281,887.319,1534.674,2262.417,3222.902
301864,A,FC_TRA_ROAD_E,E7000,KTOE,FR,0.0,0.0,0.0,0.0,0.0,0.0,0.0,0.0,0.0,0.0,0.0,0.0,0.0,0.0,0.0,0.0,0.0,0.0,0.0,0.0,0.0,2.304,3.212,4.921,6.937,9.45,12.644,16.547,20.759,28.161,36.482,76.296,131.958,194.533,277.12
301905,A,FC_TRA_ROAD_E,E7000,TJ,FR,0.0,0.0,0.0,0.0,0.0,0.0,0.0,0.0,0.0,0.0,0.0,0.0,0.0,0.0,0.0,0.0,0.0,0.0,0.0,0.0,0.0,96.466,134.474,206.028,290.455,395.672,529.366,692.78,869.134,1179.058,1527.412,3194.348,5524.825,8144.7,11602.446
310915,A,FEC_EED,E7000,GWH,FR,,,,,,,,,,,,,,,,,,,,,,,,,,,,,,,,,,,
310953,A,FEC_EED,E7000,KTOE,FR,,,,,,,,,,,,,,,,,,,,,,,,,,,,,,,,,,,
310991,A,FEC_EED,E7000,TJ,FR,,,,,,,,,,,,,,,,,,,,,,,,,,,,,,,,,,,
319280,A,GAE,E7000,GWH,FR,-45438.0,-52893.0,-53796.0,-61430.0,-63168.0,-69841.0,-68811.0,-65396.0,-57562.0,-63143.0,-69479.0,-68390.0,-77034.0,-66414.0,-61906.0,-60328.0,-63341.0,-56813.0,-47988.0,-25934.0,-30713.0,-56413.0,-44521.0,-48461.0,-67190.0,-64063.0,-41501.0,-40128.862,-62966.695,-57667.049,-45039.194,-44892.25,14944.523,-50471.702,-89976.143
319321,A,GAE,E7000,KTOE,FR,-3906.965,-4547.979,-4625.623,-5282.029,-5431.47,-6005.245,-5916.681,-5623.044,-4949.441,-5429.321,-5974.119,-5880.482,-6623.732,-5710.576,-5322.958,-5187.274,-5446.346,-4885.039,-4126.225,-2229.923,-2640.843,-4850.645,-3828.117,-4166.896,-5777.3,-5508.426,-3568.444,-3450.461,-5414.161,-4958.474,-3872.674,-3860.039,1284.998,-4339.785,-7736.556
319362,A,GAE,E7000,TJ,FR,-163576.8,-190414.8,-193665.6,-221148.0,-227404.8,-251427.6,-247719.6,-235425.6,-207223.2,-227314.8,-250124.4,-246204.0,-277322.4,-239090.4,-222861.6,-217180.8,-228027.6,-204526.8,-172756.8,-93362.4,-110566.8,-203086.8,-160275.6,-174459.6,-241884.0,-230626.8,-149403.6,-144463.903,-226680.102,-207601.376,-162141.098,-161612.1,53800.283,-181698.127,-323914.114
328135,A,GEP,E7000,GWH,FR,,,,,,,,,,,,,,,,,,,,,,,,,,,,,,,,,,,
328175,A,GEP,E7000,KTOE,FR,,,,,,,,,,,,,,,,,,,,,,,,,,,,,,,,,,,
328215,A,GEP,E7000,TJ,FR,,,,,,,,,,,,,,,,,,,,,,,,,,,,,,,,,,,
336940,A,GEP_APCHP,E7000,GWH,FR,,,,,,,,,,,,,,,,,,,,,,,,,,,,,,,,,,,
336980,A,GEP_APCHP,E7000,KTOE,FR,,,,,,,,,,,,,,,,,,,,,,,,,,,,,,,,,,,
337020,A,GEP_APCHP,E7000,TJ,FR,,,,,,,,,,,,,,,,,,,,,,,,,,,,,,,,,,,
345733,A,GEP_APE,E7000,GWH,FR,,,,,,,,,,,,,,,,,,,,,,,,,,,,,,,,,,,
345773,A,GEP_APE,E7000,KTOE,FR,,,,,,,,,,,,,,,,,,,,,,,,,,,,,,,,,,,
345813,A,GEP_APE,E7000,TJ,FR,,,,,,,,,,,,,,,,,,,,,,,,,,,,,,,,,,,
354538,A,GEP_MAPCHP,E7000,GWH,FR,,,,,,,,,,,,,,,,,,,,,,,,,,,,,,,,,,,
354578,A,GEP_MAPCHP,E7000,KTOE,FR,,,,,,,,,,,,,,,,,,,,,,,,,,,,,,,,,,,
354618,A,GEP_MAPCHP,E7000,TJ,FR,,,,,,,,,,,,,,,,,,,,,,,,,,,,,,,,,,,
363331,A,GEP_MAPE,E7000,GWH,FR,,,,,,,,,,,,,,,,,,,,,,,,,,,,,,,,,,,
363371,A,GEP_MAPE,E7000,KTOE,FR,,,,,,,,,,,,,,,,,,,,,,,,,,,,,,,,,,,
363411,A,GEP_MAPE,E7000,TJ,FR,,,,,,,,,,,,,,,,,,,,,,,,,,,,,,,,,,,
372137,A,GHP,E7000,GWH,FR,0.0,0.0,0.0,0.0,0.0,0.0,0.0,0.0,0.0,0.0,0.0,0.0,0.0,0.0,0.0,0.0,0.0,12.222,29.722,24.167,25.278,21.468,22.952,23.349,6.422,2.542,3.137,2.785,3.583,3.945,3.112,3.694,3.685,2.284,8.576
372178,A,GHP,E7000,KTOE,FR,0.0,0.0,0.0,0.0,0.0,0.0,0.0,0.0,0.0,0.0,0.0,0.0,0.0,0.0,0.0,0.0,0.0,1.051,2.556,2.078,2.173,1.846,1.974,2.008,0.552,0.219,0.27,0.239,0.308,0.339,0.268,0.318,0.317,0.196,0.737
372219,A,GHP,E7000,TJ,FR,0.0,0.0,0.0,0.0,0.0,0.0,0.0,0.0,0.0,0.0,0.0,0.0,0.0,0.0,0.0,0.0,0.0,44.0,107.0,87.0,91.0,77.285,82.627,84.058,23.118,9.151,11.293,10.026,12.899,14.202,11.202,13.297,13.267,8.223,30.872
380933,A,GHP_APCHP,E7000,GWH,FR,0.0,0.0,0.0,0.0,0.0,0.0,0.0,0.0,0.0,0.0,0.0,0.0,0.0,0.0,0.0,0.0,0.0,0.0,0.0,0.0,0.0,0.0,0.0,0.0,0.0,0.0,0.0,0.0,0.0,0.0,0.0,0.0,0.0,0.0,0.0
380974,A,GHP_APCHP,E7000,KTOE,FR,0.0,0.0,0.0,0.0,0.0,0.0,0.0,0.0,0.0,0.0,0.0,0.0,0.0,0.0,0.0,0.0,0.0,0.0,0.0,0.0,0.0,0.0,0.0,0.0,0.0,0.0,0.0,0.0,0.0,0.0,0.0,0.0,0.0,0.0,0.0
381015,A,GHP_APCHP,E7000,TJ,FR,0.0,0.0,0.0,0.0,0.0,0.0,0.0,0.0,0.0,0.0,0.0,0.0,0.0,0.0,0.0,0.0,0.0,0.0,0.0,0.0,0.0,0.0,0.0,0.0,0.0,0.0,0.0,0.0,0.0,0.0,0.0,0.0,0.0,0.0,0.0
389729,A,GHP_APH,E7000,GWH,FR,0.0,0.0,0.0,0.0,0.0,0.0,0.0,0.0,0.0,0.0,0.0,0.0,0.0,0.0,0.0,0.0,0.0,0.0,0.0,0.0,0.0,0.0,0.0,0.003,4.367,2.018,0.0,0.0,0.0,0.0,2.353,2.552,3.249,2.19,2.544
389770,A,GHP_APH,E7000,KTOE,FR,0.0,0.0,0.0,0.0,0.0,0.0,0.0,0.0,0.0,0.0,0.0,0.0,0.0,0.0,0.0,0.0,0.0,0.0,0.0,0.0,0.0,0.0,0.0,0.0,0.375,0.174,0.0,0.0,0.0,0.0,0.202,0.219,0.279,0.188,0.219
389811,A,GHP_APH,E7000,TJ,FR,0.0,0.0,0.0,0.0,0.0,0.0,0.0,0.0,0.0,0.0,0.0,0.0,0.0,0.0,0.0,0.0,0.0,0.0,0.0,0.0,0.0,0.0,0.0,0.012,15.72,7.265,0.0,0.0,0.0,0.0,8.472,9.186,11.697,7.884,9.16
398525,A,GHP_MAPCHP,E7000,GWH,FR,0.0,0.0,0.0,0.0,0.0,0.0,0.0,0.0,0.0,0.0,0.0,0.0,0.0,0.0,0.0,0.0,0.0,0.0,0.0,0.0,0.0,0.0,0.0,0.0,0.0,0.0,0.0,0.0,0.0,0.0,0.0,0.0,0.0,0.0,0.0
398566,A,GHP_MAPCHP,E7000,KTOE,FR,0.0,0.0,0.0,0.0,0.0,0.0,0.0,0.0,0.0,0.0,0.0,0.0,0.0,0.0,0.0,0.0,0.0,0.0,0.0,0.0,0.0,0.0,0.0,0.0,0.0,0.0,0.0,0.0,0.0,0.0,0.0,0.0,0.0,0.0,0.0
398607,A,GHP_MAPCHP,E7000,TJ,FR,0.0,0.0,0.0,0.0,0.0,0.0,0.0,0.0,0.0,0.0,0.0,0.0,0.0,0.0,0.0,0.0,0.0,0.0,0.0,0.0,0.0,0.0,0.0,0.0,0.0,0.0,0.0,0.0,0.0,0.0,0.0,0.0,0.0,0.0,0.0
407321,A,GHP_MAPH,E7000,GWH,FR,0.0,0.0,0.0,0.0,0.0,0.0,0.0,0.0,0.0,0.0,0.0,0.0,0.0,0.0,0.0,0.0,0.0,12.222,29.722,24.167,25.278,21.468,22.952,23.346,2.055,0.524,3.137,2.785,3.583,3.945,0.758,1.142,0.436,0.094,6.031
407362,A,GHP_MAPH,E7000,KTOE,FR,0.0,0.0,0.0,0.0,0.0,0.0,0.0,0.0,0.0,0.0,0.0,0.0,0.0,0.0,0.0,0.0,0.0,1.051,2.556,2.078,2.173,1.846,1.974,2.007,0.177,0.045,0.27,0.239,0.308,0.339,0.065,0.098,0.037,0.008,0.519
407403,A,GHP_MAPH,E7000,TJ,FR,0.0,0.0,0.0,0.0,0.0,0.0,0.0,0.0,0.0,0.0,0.0,0.0,0.0,0.0,0.0,0.0,0.0,44.0,107.0,87.0,91.0,77.285,82.627,84.046,7.398,1.886,11.293,10.026,12.899,14.202,2.73,4.111,1.57,0.339,21.712
416117,A,GIC,E7000,GWH,FR,-45438.0,-52893.0,-53796.0,-61430.0,-63168.0,-69841.0,-68811.0,-65396.0,-57562.0,-63143.0,-69479.0,-68390.0,-77034.0,-66414.0,-61906.0,-60328.0,-63341.0,-56813.0,-47988.0,-25934.0,-30713.0,-56413.0,-44521.0,-48461.0,-67190.0,-64063.0,-41501.0,-40128.862,-62966.695,-57667.049,-45039.194,-44892.25,14944.523,-50471.702,-89976.143
416158,A,GIC,E7000,KTOE,FR,-3906.965,-4547.979,-4625.623,-5282.029,-5431.47,-6005.245,-5916.681,-5623.044,-4949.441,-5429.321,-5974.119,-5880.482,-6623.732,-5710.576,-5322.958,-5187.274,-5446.346,-4885.039,-4126.225,-2229.923,-2640.843,-4850.645,-3828.117,-4166.896,-5777.3,-5508.426,-3568.444,-3450.461,-5414.161,-4958.474,-3872.674,-3860.039,1284.998,-4339.785,-7736.556
416199,A,GIC,E7000,TJ,FR,-163576.8,-190414.8,-193665.6,-221148.0,-227404.8,-251427.6,-247719.6,-235425.6,-207223.2,-227314.8,-250124.4,-246204.0,-277322.4,-239090.4,-222861.6,-217180.8,-228027.6,-204526.8,-172756.8,-93362.4,-110566.8,-203086.8,-160275.6,-174459.6,-241884.0,-230626.8,-149403.6,-144463.903,-226680.102,-207601.376,-162141.098,-161612.1,53800.283,-181698.127,-323914.114
425251,A,GIC_EED,E7000,GWH,FR,,,,,,,,,,,,,,,,,,,,,,,,,,,,,,,,,,,
425289,A,GIC_EED,E7000,KTOE,FR,,,,,,,,,,,,,,,,,,,,,,,,,,,,,,,,,,,
425327,A,GIC_EED,E7000,TJ,FR,,,,,,,,,,,,,,,,,,,,,,,,,,,,,,,,,,,
433616,A,IMP,E7000,GWH,FR,6674.0,5516.0,4737.0,3663.0,3718.0,2860.0,3617.0,4238.0,4590.0,4965.0,3695.0,4471.0,3705.0,6959.0,6571.0,8062.0,8522.0,10782.0,10748.0,18517.0,19475.0,9501.0,12213.0,11687.0,7873.0,9961.0,19903.0,21119.18,13512.09,15631.75,19536.102,24334.451,52437.269,25431.848,15130.539
433657,A,IMP,E7000,KTOE,FR,573.861,474.291,407.309,314.961,319.69,245.916,311.006,364.402,394.669,426.913,317.713,384.437,318.573,598.366,565.004,693.207,732.76,927.085,924.162,1592.175,1674.549,816.939,1050.129,1004.901,676.956,856.492,1711.35,1815.923,1161.831,1344.089,1679.802,2092.386,4508.794,2186.745,1300.992
433698,A,IMP,E7000,TJ,FR,24026.4,19857.6,17053.2,13186.8,13384.8,10296.0,13021.2,15256.8,16524.0,17874.0,13302.0,16095.6,13338.0,25052.4,23655.6,29023.2,30679.2,38815.2,38692.8,66661.2,70110.0,34203.6,43966.8,42073.2,28342.8,35859.6,71650.8,76029.048,48643.524,56274.3,70329.967,87604.024,188774.168,91554.653,54469.94
442402,A,INTAVI,E7000,GWH,FR,,,,,,,,,,,,,,,,,,,,,,,,,,,,,,,,,,,
442442,A,INTAVI,E7000,KTOE,FR,,,,,,,,,,,,,,,,,,,,,,,,,,,,,,,,,,,
442482,A,INTAVI,E7000,TJ,FR,,,,,,,,,,,,,,,,,,,,,,,,,,,,,,,,,,,
451171,A,INTMARB,E7000,GWH,FR,,,,,,,,,,,,,,,,,,,,,,,,,,,,,,,,,,,
451211,A,INTMARB,E7000,KTOE,FR,,,,,,,,,,,,,,,,,,,,,,,,,,,,,,,,,,,
451251,A,INTMARB,E7000,TJ,FR,,,,,,,,,,,,,,,,,,,,,,,,,,,,,,,,,,,
459950,A,NRGSUP,E7000,GWH,FR,-45438.0,-52893.0,-53796.0,-61430.0,-63168.0,-69841.0,-68811.0,-65396.0,-57562.0,-63143.0,-69479.0,-68390.0,-77034.0,-66414.0,-61906.0,-60328.0,-63341.0,-56813.0,-47988.0,-25934.0,-30713.0,-56413.0,-44521.0,-48461.0,-67190.0,-64063.0,-41501.0,-40128.862,-62966.695,-57667.049,-45039.194,-44892.25,14944.523,-50471.702,-89976.143
459991,A,NRGSUP,E7000,KTOE,FR,-3906.965,-4547.979,-4625.623,-5282.029,-5431.47,-6005.245,-5916.681,-5623.044,-4949.441,-5429.321,-5974.119,-5880.482,-6623.732,-5710.576,-5322.958,-5187.274,-5446.346,-4885.039,-4126.225,-2229.923,-2640.843,-4850.645,-3828.117,-4166.896,-5777.3,-5508.426,-3568.444,-3450.461,-5414.161,-4958.474,-3872.674,-3860.039,1284.998,-4339.785,-7736.556
460032,A,NRGSUP,E7000,TJ,FR,-163576.8,-190414.8,-193665.6,-221148.0,-227404.8,-251427.6,-247719.6,-235425.6,-207223.2,-227314.8,-250124.4,-246204.0,-277322.4,-239090.4,-222861.6,-217180.8,-228027.6,-204526.8,-172756.8,-93362.4,-110566.8,-203086.8,-160275.6,-174459.6,-241884.0,-230626.8,-149403.6,-144463.903,-226680.102,-207601.376,-162141.098,-161612.1,53800.283,-181698.127,-323914.114
468806,A,NRG_BF_E,E7000,GWH,FR,0.0,0.0,0.0,0.0,0.0,0.0,0.0,0.0,0.0,0.0,0.0,0.0,0.0,0.0,0.0,0.0,0.0,0.0,0.0,0.0,0.0,0.0,0.0,0.0,0.0,0.0,0.0,0.0,0.0,0.0,0.0,0.0,0.0,0.0,0.0
468847,A,NRG_BF_E,E7000,KTOE,FR,0.0,0.0,0.0,0.0,0.0,0.0,0.0,0.0,0.0,0.0,0.0,0.0,0.0,0.0,0.0,0.0,0.0,0.0,0.0,0.0,0.0,0.0,0.0,0.0,0.0,0.0,0.0,0.0,0.0,0.0,0.0,0.0,0.0,0.0,0.0
468888,A,NRG_BF_E,E7000,TJ,FR,0.0,0.0,0.0,0.0,0.0,0.0,0.0,0.0,0.0,0.0,0.0,0.0,0.0,0.0,0.0,0.0,0.0,0.0,0.0,0.0,0.0,0.0,0.0,0.0,0.0,0.0,0.0,0.0,0.0,0.0,0.0,0.0,0.0,0.0,0.0
477587,A,NRG_BIOG_E,E7000,GWH,FR,0.0,0.0,0.0,0.0,0.0,0.0,0.0,0.0,0.0,0.0,0.0,0.0,0.0,0.0,0.0,0.0,0.0,0.0,0.0,0.0,0.0,0.0,0.0,0.0,0.0,0.0,0.0,0.0,0.0,0.0,0.0,0.0,0.0,0.0,0.0
477628,A,NRG_BIOG_E,E7000,KTOE,FR,0.0,0.0,0.0,0.0,0.0,0.0,0.0,0.0,0.0,0.0,0.0,0.0,0.0,0.0,0.0,0.0,0.0,0.0,0.0,0.0,0.0,0.0,0.0,0.0,0.0,0.0,0.0,0.0,0.0,0.0,0.0,0.0,0.0,0.0,0.0
477669,A,NRG_BIOG_E,E7000,TJ,FR,0.0,0.0,0.0,0.0,0.0,0.0,0.0,0.0,0.0,0.0,0.0,0.0,0.0,0.0,0.0,0.0,0.0,0.0,0.0,0.0,0.0,0.0,0.0,0.0,0.0,0.0,0.0,0.0,0.0,0.0,0.0,0.0,0.0,0.0,0.0
486332,A,NRG_BKBPB_E,E7000,GWH,FR,0.0,0.0,0.0,0.0,0.0,0.0,0.0,0.0,0.0,0.0,0.0,0.0,0.0,0.0,0.0,0.0,0.0,0.0,0.0,0.0,0.0,0.0,0.0,0.0,0.0,0.0,0.0,0.0,0.0,0.0,0.0,0.0,0.0,0.0,0.0
486373,A,NRG_BKBPB_E,E7000,KTOE,FR,0.0,0.0,0.0,0.0,0.0,0.0,0.0,0.0,0.0,0.0,0.0,0.0,0.0,0.0,0.0,0.0,0.0,0.0,0.0,0.0,0.0,0.0,0.0,0.0,0.0,0.0,0.0,0.0,0.0,0.0,0.0,0.0,0.0,0.0,0.0
486414,A,NRG_BKBPB_E,E7000,TJ,FR,0.0,0.0,0.0,0.0,0.0,0.0,0.0,0.0,0.0,0.0,0.0,0.0,0.0,0.0,0.0,0.0,0.0,0.0,0.0,0.0,0.0,0.0,0.0,0.0,0.0,0.0,0.0,0.0,0.0,0.0,0.0,0.0,0.0,0.0,0.0
495089,A,NRG_CL_E,E7000,GWH,FR,0.0,0.0,0.0,0.0,0.0,0.0,0.0,0.0,0.0,0.0,0.0,0.0,0.0,0.0,0.0,0.0,0.0,0.0,0.0,0.0,0.0,0.0,0.0,0.0,0.0,0.0,0.0,0.0,0.0,0.0,0.0,0.0,0.0,0.0,0.0
495130,A,NRG_CL_E,E7000,KTOE,FR,0.0,0.0,0.0,0.0,0.0,0.0,0.0,0.0,0.0,0.0,0.0,0.0,0.0,0.0,0.0,0.0,0.0,0.0,0.0,0.0,0.0,0.0,0.0,0.0,0.0,0.0,0.0,0.0,0.0,0.0,0.0,0.0,0.0,0.0,0.0
495171,A,NRG_CL_E,E7000,TJ,FR,0.0,0.0,0.0,0.0,0.0,0.0,0.0,0.0,0.0,0.0,0.0,0.0,0.0,0.0,0.0,0.0,0.0,0.0,0.0,0.0,0.0,0.0,0.0,0.0,0.0,0.0,0.0,0.0,0.0,0.0,0.0,0.0,0.0,0.0,0.0
503804,A,NRG_CM_E,E7000,GWH,FR,1252.0,1277.0,1239.0,1153.0,1032.0,1030.0,1011.0,959.0,701.0,810.0,742.0,1538.0,1534.0,1289.0,1115.0,516.0,396.0,299.0,178.0,59.0,59.0,61.619,68.221,57.673,43.433,33.464,33.208,31.174,31.856,29.465,27.001,0.654,20.94,22.792,0.415
503845,A,NRG_CM_E,E7000,KTOE,FR,107.653,109.802,106.535,99.14,88.736,88.564,86.93,82.459,60.275,69.647,63.801,132.244,131.9,110.834,95.873,44.368,34.05,25.709,15.305,5.073,5.073,5.298,5.866,4.959,3.735,2.877,2.855,2.68,2.739,2.534,2.322,0.056,1.801,1.96,0.036
503886,A,NRG_CM_E,E7000,TJ,FR,4507.2,4597.2,4460.4,4150.8,3715.2,3708.0,3639.6,3452.4,2523.6,2916.0,2671.2,5536.8,5522.4,4640.4,4014.0,1857.6,1425.6,1076.4,640.8,212.4,212.4,221.828,245.596,207.623,156.359,120.47,119.549,112.226,114.682,106.074,97.204,2.354,75.384,82.052,1.495
512633,A,NRG_CO_E,E7000,GWH,FR,0.0,0.0,0.0,0.0,0.0,0.0,0.0,0.0,0.0,0.0,0.0,0.0,0.0,4.0,4.0,5.0,4.0,3.0,4.0,1.0,1.0,0.0,0.0,0.0,0.0,0.0,0.0,0.0,0.0,0.0,0.0,0.0,0.0,0.0,0.0
512674,A,NRG_CO_E,E7000,KTOE,FR,0.0,0.0,0.0,0.0,0.0,0.0,0.0,0.0,0.0,0.0,0.0,0.0,0.0,0.344,0.344,0.43,0.344,0.258,0.344,0.086,0.086,0.0,0.0,0.0,0.0,0.0,0.0,0.0,0.0,0.0,0.0,0.0,0.0,0.0,0.0
512715,A,NRG_CO_E,E7000,TJ,FR,0.0,0.0,0.0,0.0,0.0,0.0,0.0,0.0,0.0,0.0,0.0,0.0,0.0,14.4,14.4,18.0,14.4,10.8,14.4,3.6,3.6,0.0,0.0,0.0,0.0,0.0,0.0,0.0,0.0,0.0,0.0,0.0,0.0,0.0,0.0
521414,A,NRG_CPP_E,E7000,GWH,FR,0.0,0.0,0.0,0.0,0.0,0.0,0.0,0.0,0.0,0.0,0.0,0.0,0.0,0.0,0.0,0.0,0.0,0.0,0.0,0.0,0.0,0.0,0.0,0.0,0.0,0.0,0.0,0.0,0.0,0.0,0.0,0.0,0.0,0.0,0.0
521455,A,NRG_CPP_E,E7000,KTOE,FR,0.0,0.0,0.0,0.0,0.0,0.0,0.0,0.0,0.0,0.0,0.0,0.0,0.0,0.0,0.0,0.0,0.0,0.0,0.0,0.0,0.0,0.0,0.0,0.0,0.0,0.0,0.0,0.0,0.0,0.0,0.0,0.0,0.0,0.0,0.0
521496,A,NRG_CPP_E,E7000,TJ,FR,0.0,0.0,0.0,0.0,0.0,0.0,0.0,0.0,0.0,0.0,0.0,0.0,0.0,0.0,0.0,0.0,0.0,0.0,0.0,0.0,0.0,0.0,0.0,0.0,0.0,0.0,0.0,0.0,0.0,0.0,0.0,0.0,0.0,0.0,0.0
530159,A,NRG_E,E7000,GWH,FR,40622.051,46075.977,46055.868,44612.131,47108.939,46711.074,50892.216,48873.866,49381.412,49410.631,49335.249,49227.618,50186.301,53224.293,53291.89,54365.96,45231.219,47805.809,53496.249,53303.659,52661.88,41073.533,35276.106,32706.59,32337.613,32718.213,32642.029,32724.66,33237.142,33320.088,32323.397,32627.202,31276.103,33588.495,34662.687
530200,A,NRG_E,E7000,KTOE,FR,3492.868,3961.821,3960.092,3835.953,4050.64,4016.429,4375.943,4202.396,4246.037,4248.55,4242.068,4232.813,4315.245,4576.465,4582.278,4674.631,3889.185,4110.56,4599.849,4583.29,4528.107,3531.688,3033.199,2812.261,2780.534,2813.26,2806.709,2813.814,2857.88,2865.012,2779.312,2805.434,2689.261,2888.091,2980.455
530241,A,NRG_E,E7000,TJ,FR,146239.384,165873.517,165801.125,160603.672,169592.18,168159.866,183211.978,175945.918,177773.083,177878.272,177606.896,177219.425,180670.684,191607.455,191850.804,195717.456,162832.388,172100.912,192586.496,191893.172,189582.768,147864.719,126993.981,117743.726,116415.408,117785.565,117511.304,117808.777,119653.712,119952.316,116364.23,117457.926,112593.97,120918.58,124785.673
538997,A,NRG_EHG_E,E7000,GWH,FR,19600.051,20639.977,20508.868,21022.131,21362.939,21674.074,22545.216,22713.866,23511.412,23332.631,23845.249,23579.618,24226.301,24625.293,24731.89,26026.96,25690.219,25406.809,25363.249,23640.659,24988.88,25867.365,25177.614,24657.428,24230.947,24757.009,24098.7,24629.869,24567.895,24574.461,23326.95,23534.475,20864.893,22512.035,22933.21
539038,A,NRG_EHG_E,E7000,KTOE,FR,1685.301,1774.719,1763.445,1807.578,1836.882,1863.635,1938.54,1953.041,2021.618,2006.245,2050.322,2027.482,2083.087,2117.394,2126.56,2237.916,2208.961,2184.592,2180.847,2032.731,2148.657,2224.193,2164.885,2120.157,2083.486,2128.72,2072.115,2117.788,2112.459,2113.023,2005.757,2023.601,1794.058,1935.687,1971.901
539079,A,NRG_EHG_E,E7000,TJ,FR,70560.184,74303.917,73831.925,75679.672,76906.58,78026.666,81162.778,81769.918,84641.083,83997.472,85842.896,84886.625,87214.684,88651.055,89034.804,93697.056,92484.788,91464.512,91307.696,85106.372,89959.968,93122.515,90639.409,88766.742,87231.411,89125.231,86755.32,88667.529,88444.423,88468.059,83977.02,84724.109,75113.614,81043.325,82559.556
547778,A,NRG_GTL_E,E7000,GWH,FR,0.0,0.0,0.0,0.0,0.0,0.0,0.0,0.0,0.0,0.0,0.0,0.0,0.0,0.0,0.0,0.0,0.0,0.0,0.0,0.0,0.0,0.0,0.0,0.0,0.0,0.0,0.0,0.0,0.0,0.0,0.0,0.0,0.0,0.0,0.0
547819,A,NRG_GTL_E,E7000,KTOE,FR,0.0,0.0,0.0,0.0,0.0,0.0,0.0,0.0,0.0,0.0,0.0,0.0,0.0,0.0,0.0,0.0,0.0,0.0,0.0,0.0,0.0,0.0,0.0,0.0,0.0,0.0,0.0,0.0,0.0,0.0,0.0,0.0,0.0,0.0,0.0
547860,A,NRG_GTL_E,E7000,TJ,FR,0.0,0.0,0.0,0.0,0.0,0.0,0.0,0.0,0.0,0.0,0.0,0.0,0.0,0.0,0.0,0.0,0.0,0.0,0.0,0.0,0.0,0.0,0.0,0.0,0.0,0.0,0.0,0.0,0.0,0.0,0.0,0.0,0.0,0.0,0.0
556484,A,NRG_GW_E,E7000,GWH,FR,0.0,0.0,0.0,0.0,0.0,0.0,0.0,0.0,0.0,0.0,0.0,0.0,0.0,0.0,0.0,0.0,0.0,0.0,0.0,0.0,0.0,0.0,0.0,0.0,0.0,0.0,0.0,0.0,0.0,0.0,0.0,0.0,0.0,0.0,0.0
556525,A,NRG_GW_E,E7000,KTOE,FR,0.0,0.0,0.0,0.0,0.0,0.0,0.0,0.0,0.0,0.0,0.0,0.0,0.0,0.0,0.0,0.0,0.0,0.0,0.0,0.0,0.0,0.0,0.0,0.0,0.0,0.0,0.0,0.0,0.0,0.0,0.0,0.0,0.0,0.0,0.0
556566,A,NRG_GW_E,E7000,TJ,FR,0.0,0.0,0.0,0.0,0.0,0.0,0.0,0.0,0.0,0.0,0.0,0.0,0.0,0.0,0.0,0.0,0.0,0.0,0.0,0.0,0.0,0.0,0.0,0.0,0.0,0.0,0.0,0.0,0.0,0.0,0.0,0.0,0.0,0.0,0.0
565265,A,NRG_LNG_E,E7000,GWH,FR,0.0,0.0,0.0,0.0,0.0,0.0,0.0,0.0,0.0,0.0,0.0,0.0,0.0,0.0,0.0,0.0,0.0,0.0,0.0,0.0,0.0,0.0,0.0,0.0,0.0,0.0,0.0,0.0,0.0,0.0,0.0,0.0,0.0,0.0,0.0
565306,A,NRG_LNG_E,E7000,KTOE,FR,0.0,0.0,0.0,0.0,0.0,0.0,0.0,0.0,0.0,0.0,0.0,0.0,0.0,0.0,0.0,0.0,0.0,0.0,0.0,0.0,0.0,0.0,0.0,0.0,0.0,0.0,0.0,0.0,0.0,0.0,0.0,0.0,0.0,0.0,0.0
565347,A,NRG_LNG_E,E7000,TJ,FR,0.0,0.0,0.0,0.0,0.0,0.0,0.0,0.0,0.0,0.0,0.0,0.0,0.0,0.0,0.0,0.0,0.0,0.0,0.0,0.0,0.0,0.0,0.0,0.0,0.0,0.0,0.0,0.0,0.0,0.0,0.0,0.0,0.0,0.0,0.0
573922,A,NRG_NE,E7000,GWH,FR,,,,,,,,,,,,,,,,,,,,,,,,,,,,,,,,,,,
573962,A,NRG_NE,E7000,KTOE,FR,,,,,,,,,,,,,,,,,,,,,,,,,,,,,,,,,,,
574002,A,NRG_NE,E7000,TJ,FR,,,,,,,,,,,,,,,,,,,,,,,,,,,,,,,,,,,
582644,A,NRG_NI_E,E7000,GWH,FR,13675.0,18060.0,18582.0,16795.0,17208.0,16528.0,19319.0,17236.0,14912.0,15754.0,16257.0,16498.0,17804.0,0.0,0.0,0.0,0.0,0.0,0.0,0.0,0.0,7950.851,3215.216,1509.381,1580.744,1551.063,1428.985,1355.325,1281.875,1359.945,1254.002,1015.031,1141.337,1140.895,970.037
582685,A,NRG_NI_E,E7000,KTOE,FR,1175.838,1552.88,1597.764,1444.11,1479.622,1421.152,1661.135,1482.029,1282.201,1354.6,1397.85,1418.573,1530.868,0.0,0.0,0.0,0.0,0.0,0.0,0.0,0.0,683.65,276.459,129.783,135.92,133.367,122.871,116.537,110.221,116.934,107.825,87.277,98.137,98.099,83.408
582726,A,NRG_NI_E,E7000,TJ,FR,49230.0,65016.0,66895.2,60462.0,61948.8,59500.8,69548.4,62049.6,53683.2,56714.4,58525.2,59392.8,64094.4,0.0,0.0,0.0,0.0,0.0,0.0,0.0,0.0,28623.064,11574.778,5433.772,5690.678,5583.827,5144.346,4879.17,4614.75,4895.802,4514.407,3654.112,4108.813,4107.224,3492.133
591347,A,NRG_NSP_E,E7000,GWH,FR,1687.0,1597.0,1374.0,1222.0,2967.0,2901.0,3250.0,3077.0,5374.0,5125.0,4083.0,3445.0,2636.0,22947.0,23245.0,23755.0,15127.0,18052.0,23008.0,24689.0,23836.0,3193.293,3324.971,3208.01,3089.7,3039.64,3624.526,3583.389,4306.308,4486.391,5062.279,5759.839,6946.662,7288.527,8015.951
591388,A,NRG_NSP_E,E7000,KTOE,FR,145.056,137.317,118.143,105.073,255.116,249.441,279.45,264.574,462.081,440.671,351.075,296.217,226.655,1973.087,1998.71,2042.562,1300.688,1552.193,1978.332,2122.872,2049.527,274.574,285.896,275.839,265.666,261.362,311.653,308.116,370.276,385.76,435.278,495.257,597.305,626.701,689.248
591429,A,NRG_NSP_E,E7000,TJ,FR,6073.2,5749.2,4946.4,4399.2,10681.2,10443.6,11700.0,11077.2,19346.4,18450.0,14698.8,12402.0,9489.6,82609.2,83682.0,85518.0,54457.2,64987.2,82828.8,88880.4,85809.6,11495.855,11969.896,11548.836,11122.92,10942.704,13048.294,12900.2,15502.709,16151.008,18224.204,20735.42,25007.984,26238.697,28857.425
600128,A,NRG_OIL_NG_E,E7000,GWH,FR,4408.0,4502.0,4352.0,4420.0,4539.0,4578.0,4767.0,4888.0,4883.0,4389.0,4408.0,728.0,808.0,687.0,638.0,589.0,382.0,389.0,400.0,503.0,526.0,520.874,526.37,475.521,371.491,411.54,373.857,383.049,371.242,334.035,311.811,272.871,267.369,288.063,205.67
600169,A,NRG_OIL_NG_E,E7000,KTOE,FR,379.02,387.102,374.205,380.052,390.284,393.637,409.888,420.292,419.862,377.386,379.02,62.597,69.475,59.071,54.858,50.645,32.846,33.448,34.394,43.25,45.228,44.787,45.26,40.887,31.942,35.386,32.146,32.936,31.921,28.722,26.811,23.463,22.99,24.769,17.684
600210,A,NRG_OIL_NG_E,E7000,TJ,FR,15868.8,16207.2,15667.2,15912.0,16340.4,16480.8,17161.2,17596.8,17578.8,15800.4,15868.8,2620.8,2908.8,2473.2,2296.8,2120.4,1375.2,1400.4,1440.0,1810.8,1893.6,1875.146,1894.932,1711.876,1337.368,1481.544,1345.885,1378.976,1336.471,1202.526,1122.52,982.336,962.529,1037.029,740.411
608906,A,NRG_PF_E,E7000,GWH,FR,0.0,0.0,0.0,0.0,0.0,0.0,0.0,0.0,0.0,0.0,0.0,0.0,0.0,0.0,0.0,0.0,0.0,0.0,0.0,0.0,0.0,0.0,0.0,0.0,0.0,0.0,0.0,0.0,0.0,0.0,0.0,0.0,0.0,0.0,0.0
608947,A,NRG_PF_E,E7000,KTOE,FR,0.0,0.0,0.0,0.0,0.0,0.0,0.0,0.0,0.0,0.0,0.0,0.0,0.0,0.0,0.0,0.0,0.0,0.0,0.0,0.0,0.0,0.0,0.0,0.0,0.0,0.0,0.0,0.0,0.0,0.0,0.0,0.0,0.0,0.0,0.0
608988,A,NRG_PF_E,E7000,TJ,FR,0.0,0.0,0.0,0.0,0.0,0.0,0.0,0.0,0.0,0.0,0.0,0.0,0.0,0.0,0.0,0.0,0.0,0.0,0.0,0.0,0.0,0.0,0.0,0.0,0.0,0.0,0.0,0.0,0.0,0.0,0.0,0.0,0.0,0.0,0.0
617663,A,NRG_PR_E,E7000,GWH,FR,0.0,0.0,0.0,0.0,0.0,0.0,0.0,0.0,0.0,0.0,0.0,3439.0,3178.0,3672.0,3558.0,3474.0,3632.0,3656.0,4543.0,4411.0,3251.0,3479.531,2963.714,2798.577,3021.298,2925.497,3082.753,2741.854,2677.966,2535.791,2341.354,2044.332,2034.902,2336.182,2537.404
617704,A,NRG_PR_E,E7000,KTOE,FR,0.0,0.0,0.0,0.0,0.0,0.0,0.0,0.0,0.0,0.0,0.0,295.701,273.259,315.735,305.933,298.71,312.296,314.359,390.628,379.278,279.536,299.186,254.834,240.634,259.785,251.547,265.069,235.757,230.264,218.039,201.32,175.781,174.97,200.875,218.177
617745,A,NRG_PR_E,E7000,TJ,FR,0.0,0.0,0.0,0.0,0.0,0.0,0.0,0.0,0.0,0.0,0.0,12380.4,11440.8,13219.2,12808.8,12506.4,13075.2,13161.6,16354.8,15879.6,11703.6,12526.312,10669.37,10074.877,10876.673,10531.789,11097.911,9870.674,9640.678,9128.848,8428.874,7359.595,7325.646,8410.254,9134.654
626764,A,PEC_EED,E7000,GWH,FR,,,,,,,,,,,,,,,,,,,,,,,,,,,,,,,,,,,
626802,A,PEC_EED,E7000,KTOE,FR,,,,,,,,,,,,,,,,,,,,,,,,,,,,,,,,,,,
626840,A,PEC_EED,E7000,TJ,FR,,,,,,,,,,,,,,,,,,,,,,,,,,,,,,,,,,,
635098,A,PPRD,E7000,GWH,FR,,,,,,,,,,,,,,,,,,,,,,,,,,,,,,,,,,,
635138,A,PPRD,E7000,KTOE,FR,,,,,,,,,,,,,,,,,,,,,,,,,,,,,,,,,,,
635178,A,PPRD,E7000,TJ,FR,,,,,,,,,,,,,,,,,,,,,,,,,,,,,,,,,,,
643852,A,RCV_RCY,E7000,GWH,FR,,,,,,,,,,,,,,,,,,,,,,,,,,,,,,,,,,,
643892,A,RCV_RCY,E7000,KTOE,FR,,,,,,,,,,,,,,,,,,,,,,,,,,,,,,,,,,,
643932,A,RCV_RCY,E7000,TJ,FR,,,,,,,,,,,,,,,,,,,,,,,,,,,,,,,,,,,
652622,A,STATDIFF,E7000,GWH,FR,-1793.412,-2234.01,-2339.501,-2203.57,-2739.584,-2007.418,-1879.557,-2130.947,-1985.119,-525.985,-2991.478,-2624.506,-2159.968,-2475.444,-2479.428,-2149.08,-1877.439,-2480.195,-2511.356,-5082.738,-2329.442,7688.715,4879.903,4678.208,5542.197,5048.52,3416.935,3809.475,3187.736,4041.6,1846.627,-47.385,1643.762,115.355,671.093
652663,A,STATDIFF,E7000,KTOE,FR,-154.206,-192.09,-201.161,-189.473,-235.562,-172.607,-161.613,-183.228,-170.69,-45.227,-257.221,-225.667,-185.724,-212.85,-213.192,-184.788,-161.431,-213.258,-215.938,-437.037,-200.296,661.111,419.596,402.253,476.543,434.095,293.804,327.556,274.096,347.515,158.781,-4.074,141.338,9.919,57.704
652704,A,STATDIFF,E7000,TJ,FR,-6456.281,-8042.436,-8422.204,-7932.852,-9862.501,-7226.705,-6766.406,-7671.41,-7146.43,-1893.545,-10769.321,-9448.221,-7775.886,-8911.597,-8925.942,-7736.689,-6758.782,-8928.703,-9040.883,-18297.855,-8385.992,27679.375,17567.652,16841.549,19951.909,18174.673,12300.966,13714.109,11475.851,14549.762,6647.857,-170.586,5917.544,415.276,2415.934
661474,A,STK_CHG,E7000,GWH,FR,,,,,,,,,,,,,,,,,,,,,,,,,,,,,,,,,,,
661514,A,STK_CHG,E7000,KTOE,FR,,,,,,,,,,,,,,,,,,,,,,,,,,,,,,,,,,,
661554,A,STK_CHG,E7000,TJ,FR,,,,,,,,,,,,,,,,,,,,,,,,,,,,,,,,,,,
670300,A,TI_BF_E,E7000,GWH,FR,,,,,,,,,,,,,,,,,,,,,,,,,,,,,,,,,,,
670340,A,TI_BF_E,E7000,KTOE,FR,,,,,,,,,,,,,,,,,,,,,,,,,,,,,,,,,,,
670380,A,TI_BF_E,E7000,TJ,FR,,,,,,,,,,,,,,,,,,,,,,,,,,,,,,,,,,,
679102,A,TI_BKBPB_E,E7000,GWH,FR,,,,,,,,,,,,,,,,,,,,,,,,,,,,,,,,,,,
679142,A,TI_BKBPB_E,E7000,KTOE,FR,,,,,,,,,,,,,,,,,,,,,,,,,,,,,,,,,,,
679182,A,TI_BKBPB_E,E7000,TJ,FR,,,,,,,,,,,,,,,,,,,,,,,,,,,,,,,,,,,
687811,A,TI_BNG_E,E7000,GWH,FR,,,,,,,,,,,,,,,,,,,,,,,,,,,,,,,,,,,
687851,A,TI_BNG_E,E7000,KTOE,FR,,,,,,,,,,,,,,,,,,,,,,,,,,,,,,,,,,,
687891,A,TI_BNG_E,E7000,TJ,FR,,,,,,,,,,,,,,,,,,,,,,,,,,,,,,,,,,,
696595,A,TI_CL_E,E7000,GWH,FR,,,,,,,,,,,,,,,,,,,,,,,,,,,,,,,,,,,
696635,A,TI_CL_E,E7000,KTOE,FR,,,,,,,,,,,,,,,,,,,,,,,,,,,,,,,,,,,
696675,A,TI_CL_E,E7000,TJ,FR,,,,,,,,,,,,,,,,,,,,,,,,,,,,,,,,,,,
705304,A,TI_CO_E,E7000,GWH,FR,,,,,,,,,,,,,,,,,,,,,,,,,,,,,,,,,,,
705344,A,TI_CO_E,E7000,KTOE,FR,,,,,,,,,,,,,,,,,,,,,,,,,,,,,,,,,,,
705384,A,TI_CO_E,E7000,TJ,FR,,,,,,,,,,,,,,,,,,,,,,,,,,,,,,,,,,,
714040,A,TI_CPP_E,E7000,GWH,FR,,,,,,,,,,,,,,,,,,,,,,,,,,,,,,,,,,,
714080,A,TI_CPP_E,E7000,KTOE,FR,,,,,,,,,,,,,,,,,,,,,,,,,,,,,,,,,,,
714120,A,TI_CPP_E,E7000,TJ,FR,,,,,,,,,,,,,,,,,,,,,,,,,,,,,,,,,,,
722756,A,TI_E,E7000,GWH,FR,6552.633,7221.523,7065.429,6410.296,5567.957,6729.295,7758.156,7546.648,7404.374,8665.581,8818.168,8122.649,9620.406,9526.676,9440.947,8514.963,9445.865,10001.777,8616.901,8937.214,8739.679,7020.431,6767.681,7097.903,7981.642,6911.031,6751.705,7142.837,7462.754,6490.065,6307.03,6051.572,7706.055,6094.926,8083.449
722797,A,TI_E,E7000,KTOE,FR,563.425,620.939,607.518,551.186,478.758,578.615,667.081,648.895,636.662,745.106,758.226,698.422,827.206,819.147,811.775,732.155,812.198,859.998,740.92,768.462,751.477,603.648,581.916,610.31,686.298,594.242,580.542,614.173,641.681,558.045,542.307,520.342,662.602,524.069,695.052
722838,A,TI_E,E7000,TJ,FR,23589.477,25997.483,25435.545,23077.065,20044.644,24225.462,27929.363,27167.933,26655.748,31196.09,31745.405,29241.536,34633.462,34296.032,33987.41,30653.868,34005.116,36006.398,31020.845,32173.969,31462.846,25273.553,24363.652,25552.451,28733.913,24879.713,24306.138,25714.214,26865.914,23364.236,22705.309,21785.66,27741.8,21941.733,29100.418
731611,A,TI_EHG_APCHP_E,E7000,GWH,FR,,,,,,,,,,,,,,,,,,,,,,,,,,,,,,,,,,,
731651,A,TI_EHG_APCHP_E,E7000,KTOE,FR,,,,,,,,,,,,,,,,,,,,,,,,,,,,,,,,,,,
731691,A,TI_EHG_APCHP_E,E7000,TJ,FR,,,,,,,,,,,,,,,,,,,,,,,,,,,,,,,,,,,
740437,A,TI_EHG_APE_E,E7000,GWH,FR,,,,,,,,,,,,,,,,,,,,,,,,,,,,,,,,,,,
740477,A,TI_EHG_APE_E,E7000,KTOE,FR,,,,,,,,,,,,,,,,,,,,,,,,,,,,,,,,,,,
740517,A,TI_EHG_APE_E,E7000,TJ,FR,,,,,,,,,,,,,,,,,,,,,,,,,,,,,,,,,,,
749275,A,TI_EHG_APH_E,E7000,GWH,FR,,,,,,,,,,,,,,,,,,,,,,,,,,,,,,,,,,,
749315,A,TI_EHG_APH_E,E7000,KTOE,FR,,,,,,,,,,,,,,,,,,,,,,,,,,,,,,,,,,,
749355,A,TI_EHG_APH_E,E7000,TJ,FR,,,,,,,,,,,,,,,,,,,,,,,,,,,,,,,,,,,
757955,A,TI_EHG_CB,E7000,GWH,FR,0.0,0.0,0.0,0.0,0.0,0.0,0.0,0.0,0.0,0.0,0.0,0.0,0.0,0.0,0.0,0.0,0.0,0.0,0.0,0.0,0.0,0.0,0.0,0.0,0.0,0.0,0.0,0.0,0.0,0.0,4.539,20.387,77.962,134.021,164.994
757994,A,TI_EHG_CB,E7000,KTOE,FR,0.0,0.0,0.0,0.0,0.0,0.0,0.0,0.0,0.0,0.0,0.0,0.0,0.0,0.0,0.0,0.0,0.0,0.0,0.0,0.0,0.0,0.0,0.0,0.0,0.0,0.0,0.0,0.0,0.0,0.0,0.39,1.753,6.704,11.524,14.187
758033,A,TI_EHG_CB,E7000,TJ,FR,0.0,0.0,0.0,0.0,0.0,0.0,0.0,0.0,0.0,0.0,0.0,0.0,0.0,0.0,0.0,0.0,0.0,0.0,0.0,0.0,0.0,0.0,0.0,0.0,0.0,0.0,0.0,0.0,0.0,0.0,16.34,73.393,280.663,482.476,593.979
766276,A,TI_EHG_DHEP,E7000,GWH,FR,,,,,,,,,,,,,,,,,,,,,,,,,,,,,,,,,,,
766316,A,TI_EHG_DHEP,E7000,KTOE,FR,,,,,,,,,,,,,,,,,,,,,,,,,,,,,,,,,,,
766356,A,TI_EHG_DHEP,E7000,TJ,FR,,,,,,,,,,,,,,,,,,,,,,,,,,,,,,,,,,,
774977,A,TI_EHG_E,E7000,GWH,FR,6552.633,7221.523,7065.429,6410.296,5567.957,6729.295,7758.156,7546.648,7404.374,8665.581,8818.168,8122.649,9620.406,9526.676,9440.947,8514.963,9445.865,10001.777,8616.901,8937.214,8739.679,7020.431,6767.681,7097.903,7981.642,6911.031,6751.705,7142.837,7462.754,6490.065,6307.03,6051.572,7706.055,6094.926,8083.449
775018,A,TI_EHG_E,E7000,KTOE,FR,563.425,620.939,607.518,551.186,478.758,578.615,667.081,648.895,636.662,745.106,758.226,698.422,827.206,819.147,811.775,732.155,812.198,859.998,740.92,768.462,751.477,603.648,581.916,610.31,686.298,594.242,580.542,614.173,641.681,558.045,542.307,520.342,662.602,524.069,695.052
775059,A,TI_EHG_E,E7000,TJ,FR,23589.477,25997.483,25435.545,23077.065,20044.644,24225.462,27929.363,27167.933,26655.748,31196.09,31745.405,29241.536,34633.462,34296.032,33987.41,30653.868,34005.116,36006.398,31020.845,32173.969,31462.846,25273.553,24363.652,25552.451,28733.913,24879.713,24306.138,25714.214,26865.914,23364.236,22705.309,21785.66,27741.8,21941.733,29100.418
783785,A,TI_EHG_EB,E7000,GWH,FR,0.0,0.0,0.0,0.0,0.0,0.0,0.0,0.0,0.0,0.0,0.0,0.0,0.0,0.0,0.0,0.0,0.0,12.0,30.0,24.0,25.0,0.0,0.0,0.003,6.422,2.542,3.143,2.83,3.599,3.961,3.112,3.694,3.685,2.203,8.575
783826,A,TI_EHG_EB,E7000,KTOE,FR,0.0,0.0,0.0,0.0,0.0,0.0,0.0,0.0,0.0,0.0,0.0,0.0,0.0,0.0,0.0,0.0,0.0,1.032,2.58,2.064,2.15,0.0,0.0,0.0,0.552,0.219,0.27,0.243,0.309,0.341,0.268,0.318,0.317,0.189,0.737
783867,A,TI_EHG_EB,E7000,TJ,FR,0.0,0.0,0.0,0.0,0.0,0.0,0.0,0.0,0.0,0.0,0.0,0.0,0.0,0.0,0.0,0.0,0.0,43.2,108.0,86.4,90.0,0.0,0.0,0.011,23.119,9.151,11.315,10.188,12.956,14.26,11.203,13.298,13.266,7.931,30.87
792437,A,TI_EHG_EDHP,E7000,GWH,FR,0.0,0.0,0.0,0.0,0.0,0.0,0.0,0.0,0.0,0.0,0.0,0.0,0.0,0.0,0.0,0.0,0.0,6.0,7.0,4.0,4.0,3.265,3.337,6.149,18.693,32.228,24.978,35.683,57.293,89.443,98.419,112.426,172.852,194.219,207.736
792478,A,TI_EHG_EDHP,E7000,KTOE,FR,0.0,0.0,0.0,0.0,0.0,0.0,0.0,0.0,0.0,0.0,0.0,0.0,0.0,0.0,0.0,0.0,0.0,0.516,0.602,0.344,0.344,0.281,0.287,0.529,1.607,2.771,2.148,3.068,4.926,7.691,8.463,9.667,14.863,16.7,17.862
792519,A,TI_EHG_EDHP,E7000,TJ,FR,0.0,0.0,0.0,0.0,0.0,0.0,0.0,0.0,0.0,0.0,0.0,0.0,0.0,0.0,0.0,0.0,0.0,21.6,25.2,14.4,14.4,11.755,12.013,22.136,67.296,116.022,89.921,128.459,206.254,321.997,354.309,404.735,622.269,699.187,747.85
801089,A,TI_EHG_EPS,E7000,GWH,FR,6552.633,7221.523,7065.429,6410.296,5567.957,6729.295,7758.156,7546.648,7404.374,8665.581,8818.168,8122.649,9620.406,9526.676,9440.947,8514.963,9445.865,9983.777,8579.901,8909.214,8710.679,7017.166,6764.344,7091.751,7956.527,6876.261,6723.584,7104.324,7401.862,6396.661,6200.96,5915.065,7451.556,5764.483,7702.144
801130,A,TI_EHG_EPS,E7000,KTOE,FR,563.425,620.939,607.518,551.186,478.758,578.615,667.081,648.895,636.662,745.106,758.226,698.422,827.206,819.147,811.775,732.155,812.198,858.45,737.739,766.054,748.984,603.368,581.629,609.781,684.138,591.252,578.124,610.862,636.446,550.014,533.187,508.604,640.718,495.656,662.265
801171,A,TI_EHG_EPS,E7000,TJ,FR,23589.477,25997.483,25435.545,23077.065,20044.644,24225.462,27929.363,27167.933,26655.748,31196.09,31745.405,29241.536,34633.462,34296.032,33987.41,30653.868,34005.116,35941.598,30887.645,32073.169,31358.446,25261.798,24351.638,25530.304,28643.497,24754.54,24204.902,25575.566,26646.703,23027.98,22323.456,21294.234,26825.602,20752.139,27727.718
809788,A,TI_EHG_MAPCHP_E,E7000,GWH,FR,,,,,,,,,,,,,,,,,,,,,,,,,,,,,,,,,,,
809828,A,TI_EHG_MAPCHP_E,E7000,KTOE,FR,,,,,,,,,,,,,,,,,,,,,,,,,,,,,,,,,,,
809868,A,TI_EHG_MAPCHP_E,E7000,TJ,FR,,,,,,,,,,,,,,,,,,,,,,,,,,,,,,,,,,,
818614,A,TI_EHG_MAPE_E,E7000,GWH,FR,,,,,,,,,,,,,,,,,,,,,,,,,,,,,,,,,,,
818654,A,TI_EHG_MAPE_E,E7000,KTOE,FR,,,,,,,,,,,,,,,,,,,,,,,,,,,,,,,,,,,
818694,A,TI_EHG_MAPE_E,E7000,TJ,FR,,,,,,,,,,,,,,,,,,,,,,,,,,,,,,,,,,,
827452,A,TI_EHG_MAPH_E,E7000,GWH,FR,,,,,,,,,,,,,,,,,,,,,,,,,,,,,,,,,,,
827492,A,TI_EHG_MAPH_E,E7000,KTOE,FR,,,,,,,,,,,,,,,,,,,,,,,,,,,,,,,,,,,
827532,A,TI_EHG_MAPH_E,E7000,TJ,FR,,,,,,,,,,,,,,,,,,,,,,,,,,,,,,,,,,,
836233,A,TI_GTL_E,E7000,GWH,FR,,,,,,,,,,,,,,,,,,,,,,,,,,,,,,,,,,,
836273,A,TI_GTL_E,E7000,KTOE,FR,,,,,,,,,,,,,,,,,,,,,,,,,,,,,,,,,,,
836313,A,TI_GTL_E,E7000,TJ,FR,,,,,,,,,,,,,,,,,,,,,,,,,,,,,,,,,,,
844933,A,TI_GW_E,E7000,GWH,FR,,,,,,,,,,,,,,,,,,,,,,,,,,,,,,,,,,,
844973,A,TI_GW_E,E7000,KTOE,FR,,,,,,,,,,,,,,,,,,,,,,,,,,,,,,,,,,,
845013,A,TI_GW_E,E7000,TJ,FR,,,,,,,,,,,,,,,,,,,,,,,,,,,,,,,,,,,
853684,A,TI_LBB_E,E7000,GWH,FR,,,,,,,,,,,,,,,,,,,,,,,,,,,,,,,,,,,
853724,A,TI_LBB_E,E7000,KTOE,FR,,,,,,,,,,,,,,,,,,,,,,,,,,,,,,,,,,,
853764,A,TI_LBB_E,E7000,TJ,FR,,,,,,,,,,,,,,,,,,,,,,,,,,,,,,,,,,,
862348,A,TI_NE,E7000,GWH,FR,,,,,,,,,,,,,,,,,,,,,,,,,,,,,,,,,,,
862388,A,TI_NE,E7000,KTOE,FR,,,,,,,,,,,,,,,,,,,,,,,,,,,,,,,,,,,
862428,A,TI_NE,E7000,TJ,FR,,,,,,,,,,,,,,,,,,,,,,,,,,,,,,,,,,,
871117,A,TI_NRG_FC_IND_NE,E7000,GWH,FR,,,,,,,,,,,,,,,,,,,,,,,,,,,,,,,,,,,
871157,A,TI_NRG_FC_IND_NE,E7000,KTOE,FR,,,,,,,,,,,,,,,,,,,,,,,,,,,,,,,,,,,
871197,A,TI_NRG_FC_IND_NE,E7000,TJ,FR,,,,,,,,,,,,,,,,,,,,,,,,,,,,,,,,,,,
879901,A,TI_NSP_E,E7000,GWH,FR,,,,,,,,,,,,,,,,,,,,,,,,,,,,,,,,,,,
879941,A,TI_NSP_E,E7000,KTOE,FR,,,,,,,,,,,,,,,,,,,,,,,,,,,,,,,,,,,
879981,A,TI_NSP_E,E7000,TJ,FR,,,,,,,,,,,,,,,,,,,,,,,,,,,,,,,,,,,
888727,A,TI_PF_E,E7000,GWH,FR,,,,,,,,,,,,,,,,,,,,,,,,,,,,,,,,,,,
888767,A,TI_PF_E,E7000,KTOE,FR,,,,,,,,,,,,,,,,,,,,,,,,,,,,,,,,,,,
888807,A,TI_PF_E,E7000,TJ,FR,,,,,,,,,,,,,,,,,,,,,,,,,,,,,,,,,,,
897478,A,TI_RPI_BPI_E,E7000,GWH,FR,,,,,,,,,,,,,,,,,,,,,,,,,,,,,,,,,,,
897518,A,TI_RPI_BPI_E,E7000,KTOE,FR,,,,,,,,,,,,,,,,,,,,,,,,,,,,,,,,,,,
897558,A,TI_RPI_BPI_E,E7000,TJ,FR,,,,,,,,,,,,,,,,,,,,,,,,,,,,,,,,,,,
906193,A,TI_RPI_DU_E,E7000,GWH,FR,,,,,,,,,,,,,,,,,,,,,,,,,,,,,,,,,,,
906233,A,TI_RPI_DU_E,E7000,KTOE,FR,,,,,,,,,,,,,,,,,,,,,,,,,,,,,,,,,,,
906273,A,TI_RPI_DU_E,E7000,TJ,FR,,,,,,,,,,,,,,,,,,,,,,,,,,,,,,,,,,,
914860,A,TI_RPI_E,E7000,GWH,FR,,,,,,,,,,,,,,,,,,,,,,,,,,,,,,,,,,,
914900,A,TI_RPI_E,E7000,KTOE,FR,,,,,,,,,,,,,,,,,,,,,,,,,,,,,,,,,,,
914940,A,TI_RPI_E,E7000,TJ,FR,,,,,,,,,,,,,,,,,,,,,,,,,,,,,,,,,,,
923590,A,TI_RPI_IT_E,E7000,GWH,FR,,,,,,,,,,,,,,,,,,,,,,,,,,,,,,,,,,,
923630,A,TI_RPI_IT_E,E7000,KTOE,FR,,,,,,,,,,,,,,,,,,,,,,,,,,,,,,,,,,,
923670,A,TI_RPI_IT_E,E7000,TJ,FR,,,,,,,,,,,,,,,,,,,,,,,,,,,,,,,,,,,
932311,A,TI_RPI_PII_E,E7000,GWH,FR,,,,,,,,,,,,,,,,,,,,,,,,,,,,,,,,,,,
932351,A,TI_RPI_PII_E,E7000,KTOE,FR,,,,,,,,,,,,,,,,,,,,,,,,,,,,,,,,,,,
932391,A,TI_RPI_PII_E,E7000,TJ,FR,,,,,,,,,,,,,,,,,,,,,,,,,,,,,,,,,,,
941032,A,TI_RPI_PT_E,E7000,GWH,FR,,,,,,,,,,,,,,,,,,,,,,,,,,,,,,,,,,,
941072,A,TI_RPI_PT_E,E7000,KTOE,FR,,,,,,,,,,,,,,,,,,,,,,,,,,,,,,,,,,,
941112,A,TI_RPI_PT_E,E7000,TJ,FR,,,,,,,,,,,,,,,,,,,,,,,,,,,,,,,,,,,
949747,A,TI_RPI_RI_E,E7000,GWH,FR,,,,,,,,,,,,,,,,,,,,,,,,,,,,,,,,,,,
949787,A,TI_RPI_RI_E,E7000,KTOE,FR,,,,,,,,,,,,,,,,,,,,,,,,,,,,,,,,,,,
949827,A,TI_RPI_RI_E,E7000,TJ,FR,,,,,,,,,,,,,,,,,,,,,,,,,,,,,,,,,,,
958448,A,TO,E7000,GWH,FR,420752.272,455556.49,463639.796,472707.857,476867.312,494273.951,513397.815,504769.567,511276.667,525806.227,539954.939,549530.761,559064.739,566838.525,574054.409,576061.843,574870.645,569768.391,573806.794,535925.135,569288.117,573610.551,573097.356,582647.305,572980.568,579912.831,564533.067,561770.544,582576.866,571316.327,532772.603,555555.346,475188.887,524900.932,570712.716
958489,A,TO,E7000,KTOE,FR,36178.183,39170.807,39865.847,40645.56,41003.208,42499.91,44144.266,43402.37,43961.88,45211.198,46427.768,47251.14,48070.915,48739.34,49359.794,49532.403,49429.978,48991.263,49338.503,46081.267,48949.967,49321.629,49277.503,50098.651,49267.461,49863.528,48541.106,48303.572,50092.594,49124.362,45810.198,47769.161,40858.89,45133.356,49072.461
958530,A,TO,E7000,TJ,FR,1514708.179,1640003.364,1669103.266,1701748.285,1716722.323,1779386.224,1848232.134,1817170.441,1840596.001,1892902.417,1943837.78,1978310.74,2012633.06,2040618.69,2066595.872,2073822.635,2069534.322,2051166.208,2065704.458,1929330.486,2049437.221,2064997.983,2063150.481,2097530.3,2062730.043,2087686.193,2032319.041,2022373.959,2097276.716,2056738.776,1917981.372,1999999.246,1710679.994,1889643.356,2054565.778
967210,A,TO_BF,E7000,GWH,FR,,,,,,,,,,,,,,,,,,,,,,,,,,,,,,,,,,,
967250,A,TO_BF,E7000,KTOE,FR,,,,,,,,,,,,,,,,,,,,,,,,,,,,,,,,,,,
967290,A,TO_BF,E7000,TJ,FR,,,,,,,,,,,,,,,,,,,,,,,,,,,,,,,,,,,
975865,A,TO_BKBPB,E7000,GWH,FR,,,,,,,,,,,,,,,,,,,,,,,,,,,,,,,,,,,
975905,A,TO_BKBPB,E7000,KTOE,FR,,,,,,,,,,,,,,,,,,,,,,,,,,,,,,,,,,,
975945,A,TO_BKBPB,E7000,TJ,FR,,,,,,,,,,,,,,,,,,,,,,,,,,,,,,,,,,,
984520,A,TO_BNG,E7000,GWH,FR,,,,,,,,,,,,,,,,,,,,,,,,,,,,,,,,,,,
984560,A,TO_BNG,E7000,KTOE,FR,,,,,,,,,,,,,,,,,,,,,,,,,,,,,,,,,,,
984600,A,TO_BNG,E7000,TJ,FR,,,,,,,,,,,,,,,,,,,,,,,,,,,,,,,,,,,
993172,A,TO_CL,E7000,GWH,FR,,,,,,,,,,,,,,,,,,,,,,,,,,,,,,,,,,,
993212,A,TO_CL,E7000,KTOE,FR,,,,,,,,,,,,,,,,,,,,,,,,,,,,,,,,,,,
993252,A,TO_CL,E7000,TJ,FR,,,,,,,,,,,,,,,,,,,,,,,,,,,,,,,,,,,
1001845,A,TO_CO,E7000,GWH,FR,,,,,,,,,,,,,,,,,,,,,,,,,,,,,,,,,,,
1001885,A,TO_CO,E7000,KTOE,FR,,,,,,,,,,,,,,,,,,,,,,,,,,,,,,,,,,,
1001925,A,TO_CO,E7000,TJ,FR,,,,,,,,,,,,,,,,,,,,,,,,,,,,,,,,,,,
1010494,A,TO_CPP,E7000,GWH,FR,,,,,,,,,,,,,,,,,,,,,,,,,,,,,,,,,,,
1010534,A,TO_CPP,E7000,KTOE,FR,,,,,,,,,,,,,,,,,,,,,,,,,,,,,,,,,,,
1010574,A,TO_CPP,E7000,TJ,FR,,,,,,,,,,,,,,,,,,,,,,,,,,,,,,,,,,,
1019150,A,TO_EHG,E7000,GWH,FR,420752.272,455556.49,463639.796,472707.857,476867.312,494273.951,513397.815,504769.567,511276.667,525806.227,539954.939,549530.761,559064.739,566838.525,574054.409,576061.843,574870.645,569768.391,573806.794,535925.135,569288.117,573610.551,573097.356,582647.305,572980.568,579912.831,564533.067,561770.544,582576.866,571316.327,532772.603,555555.346,475188.887,524900.932,570712.716
1019191,A,TO_EHG,E7000,KTOE,FR,36178.183,39170.807,39865.847,40645.56,41003.208,42499.91,44144.266,43402.37,43961.88,45211.198,46427.768,47251.14,48070.915,48739.34,49359.794,49532.403,49429.978,48991.263,49338.503,46081.267,48949.967,49321.629,49277.503,50098.651,49267.461,49863.528,48541.106,48303.572,50092.594,49124.362,45810.198,47769.161,40858.89,45133.356,49072.461
1019232,A,TO_EHG,E7000,TJ,FR,1514708.179,1640003.364,1669103.266,1701748.285,1716722.323,1779386.224,1848232.134,1817170.441,1840596.001,1892902.417,1943837.78,1978310.74,2012633.06,2040618.69,2066595.872,2073822.635,2069534.322,2051166.208,2065704.458,1929330.486,2049437.221,2064997.983,2063150.481,2097530.3,2062730.043,2087686.193,2032319.041,2022373.959,2097276.716,2056738.776,1917981.372,1999999.246,1710679.994,1889643.356,2054565.778
1027805,A,TO_EHG_APCHP,E7000,GWH,FR,1156.0,1324.0,1336.0,1179.0,1344.0,2059.0,2181.0,2541.0,2442.0,2309.0,10157.0,11344.0,12288.0,13055.0,13564.0,13509.0,12706.0,12888.0,11759.0,5779.0,5327.0,8654.726,8113.639,8586.501,8223.569,9093.965,9134.214,9393.275,9095.631,9677.587,9381.593,9412.712,9886.752,9501.31,9288.658
1027846,A,TO_EHG_APCHP,E7000,KTOE,FR,99.398,113.844,114.875,101.376,115.563,177.042,187.532,218.487,209.974,198.538,873.345,975.408,1056.578,1122.528,1166.294,1161.565,1092.519,1108.169,1011.092,496.905,458.04,744.172,697.647,738.306,707.1,781.94,785.401,807.676,782.084,832.123,806.672,809.348,850.108,816.966,798.681
1027887,A,TO_EHG_APCHP,E7000,TJ,FR,4161.6,4766.4,4809.6,4244.4,4838.4,7412.4,7851.6,9147.6,8791.2,8312.4,36565.2,40838.4,44236.8,46998.0,48830.4,48632.4,45741.6,46396.8,42332.4,20804.4,19177.2,31157.013,29209.099,30911.402,29604.849,32738.272,32883.171,33815.789,32744.272,34839.312,33773.734,33885.764,35592.309,34204.717,33439.167
1036460,A,TO_EHG_APE,E7000,GWH,FR,25085.0,25943.0,24212.306,24265.455,24742.608,23179.757,24073.189,24874.515,26991.138,24274.426,5319.109,5662.008,5272.972,5489.988,5819.506,8083.811,9388.593,9683.227,7781.374,7465.88,7407.974,6304.365,7021.594,6943.063,7229.693,7069.233,6589.005,6746.902,11049.081,11514.905,10969.308,10745.324,12320.135,11543.771,13256.533
1036501,A,TO_EHG_APE,E7000,KTOE,FR,2156.922,2230.696,2081.884,2086.454,2127.481,1993.1,2069.922,2138.823,2320.82,2087.225,457.361,486.845,453.394,472.054,500.387,695.083,807.274,832.608,669.078,641.95,636.971,542.078,603.748,596.996,621.642,607.845,566.552,580.129,950.05,990.104,943.191,923.932,1059.341,992.586,1139.857
1036542,A,TO_EHG_APE,E7000,TJ,FR,90306.0,93394.8,87164.302,87355.638,89073.389,83447.125,86663.48,89548.254,97168.097,87387.934,19148.792,20383.229,18982.699,19763.957,20950.222,29101.72,33798.935,34859.617,28012.946,26877.168,26668.706,22695.714,25277.738,24995.028,26026.895,25449.239,23720.417,24288.847,39776.692,41453.659,39489.51,38683.165,44352.487,41557.576,47723.52
1045111,A,TO_EHG_APH,E7000,GWH,FR,,,,,,,,,,,,,,,,,,,,,,,,,,,,,,,,,,,
1045151,A,TO_EHG_APH,E7000,KTOE,FR,,,,,,,,,,,,,,,,,,,,,,,,,,,,,,,,,,,
1045191,A,TO_EHG_APH,E7000,TJ,FR,,,,,,,,,,,,,,,,,,,,,,,,,,,,,,,,,,,
1053763,A,TO_EHG_EB,E7000,GWH,FR,,,,,,,,,,,,,,,,,,,,,,,,,,,,,,,,,,,
1053803,A,TO_EHG_EB,E7000,KTOE,FR,,,,,,,,,,,,,,,,,,,,,,,,,,,,,,,,,,,
1053843,A,TO_EHG_EB,E7000,TJ,FR,,,,,,,,,,,,,,,,,,,,,,,,,,,,,,,,,,,
1062415,A,TO_EHG_EDHP,E7000,GWH,FR,,,,,,,,,,,,,,,,,,,,,,,,,,,,,,,,,,,
1062455,A,TO_EHG_EDHP,E7000,KTOE,FR,,,,,,,,,,,,,,,,,,,,,,,,,,,,,,,,,,,
1062495,A,TO_EHG_EDHP,E7000,TJ,FR,,,,,,,,,,,,,,,,,,,,,,,,,,,,,,,,,,,
1071068,A,TO_EHG_MAPCHP,E7000,GWH,FR,0.0,0.0,0.0,0.0,0.0,0.0,0.0,0.0,0.0,0.0,5525.0,8305.0,10720.0,10736.0,11699.0,11291.0,10861.0,11261.0,12488.112,8545.197,12540.113,12543.112,11853.264,9245.356,7604.172,8866.695,10499.423,11429.382,11742.387,12662.777,12591.598,13087.484,13594.11,12100.6,10733.124
1071109,A,TO_EHG_MAPCHP,E7000,KTOE,FR,0.0,0.0,0.0,0.0,0.0,0.0,0.0,0.0,0.0,0.0,475.064,714.101,921.754,923.13,1005.933,970.851,933.878,968.272,1073.784,734.755,1078.256,1078.514,1019.197,794.958,653.841,762.399,902.788,982.75,1009.664,1088.803,1082.683,1125.321,1168.883,1040.464,922.883
1071150,A,TO_EHG_MAPCHP,E7000,TJ,FR,0.0,0.0,0.0,0.0,0.0,0.0,0.0,0.0,0.0,0.0,19890.0,29898.0,38592.0,38649.6,42116.4,40647.6,39099.6,40539.6,44957.203,30762.709,45144.407,45155.204,42671.75,33283.282,27375.019,31920.102,37797.922,41145.776,42272.595,45585.996,45329.753,47114.942,48938.795,43562.162,38639.245
1079723,A,TO_EHG_MAPE,E7000,GWH,FR,389807.559,423069.718,432990.141,442620.592,446742.375,464175.025,481531.152,471907.494,476511.814,492960.817,512600.547,518330.63,523831.385,530631.025,536114.139,536985.304,535051.301,528362.697,535328.169,507422.406,537554.603,540158.887,540398.824,552036.537,543498.345,549324.876,532856.351,528301.362,544683.837,532231.011,494690.793,517382.022,433293.486,486656.167,530873.394
1079764,A,TO_EHG_MAPE,E7000,KTOE,FR,33517.417,36377.448,37230.451,38058.52,38412.93,39911.868,41404.226,40576.741,40972.641,42387.001,44075.713,44568.412,45041.392,45626.055,46097.518,46172.425,46006.131,45431.014,46029.937,43630.473,46221.376,46445.304,46465.935,47466.598,46732.446,47233.437,45817.399,45425.741,46834.38,45763.629,42535.752,44486.846,37256.534,41844.898,45646.895
1079805,A,TO_EHG_MAPE,E7000,TJ,FR,1403307.211,1523050.984,1558764.507,1593434.131,1608272.549,1671030.09,1733512.146,1698866.978,1715442.529,1774658.941,1845361.969,1865990.268,1885792.986,1910271.69,1930010.9,1933147.093,1926184.682,1902105.709,1927181.408,1826720.66,1935196.571,1944571.993,1945435.765,1987331.534,1956594.041,1977569.555,1918282.865,1901884.905,1960861.813,1916031.639,1780886.855,1862575.279,1559856.549,1751962.199,1911144.219
1088374,A,TO_EHG_MAPH,E7000,GWH,FR,,,,,,,,,,,,,,,,,,,,,,,,,,,,,,,,,,,
1088414,A,TO_EHG_MAPH,E7000,KTOE,FR,,,,,,,,,,,,,,,,,,,,,,,,,,,,,,,,,,,
1088454,A,TO_EHG_MAPH,E7000,TJ,FR,,,,,,,,,,,,,,,,,,,,,,,,,,,,,,,,,,,
1097027,A,TO_EHG_OTH,E7000,GWH,FR,0.0,0.0,0.0,0.0,0.0,0.0,0.0,0.0,0.0,0.0,0.0,0.0,0.0,0.0,0.0,0.0,0.0,304.0,241.0,241.0,135.0,800.309,781.164,685.319,627.408,600.972,607.736,765.97,645.24,571.28,638.57,597.006,566.44,904.786,905.034
1097068,A,TO_EHG_OTH,E7000,KTOE,FR,0.0,0.0,0.0,0.0,0.0,0.0,0.0,0.0,0.0,0.0,0.0,0.0,0.0,0.0,0.0,0.0,0.0,26.139,20.722,20.722,11.608,68.814,67.168,58.927,53.947,51.674,52.256,65.862,55.481,49.121,54.907,51.333,48.705,77.798,77.819
1097109,A,TO_EHG_OTH,E7000,TJ,FR,0.0,0.0,0.0,0.0,0.0,0.0,0.0,0.0,0.0,0.0,0.0,0.0,0.0,0.0,0.0,0.0,0.0,1094.4,867.6,867.6,486.0,2881.112,2812.19,2467.148,2258.668,2163.497,2187.849,2757.492,2322.864,2056.609,2298.852,2149.223,2039.184,3257.229,3258.124
1105682,A,TO_EHG_PH,E7000,GWH,FR,4703.713,5219.772,5101.349,4642.81,4038.329,4860.169,5612.474,5446.558,5331.715,6261.984,6353.283,5889.123,6952.382,6926.512,6857.764,6192.728,6863.751,7269.467,6209.139,6471.652,6323.427,5149.152,4928.872,5150.529,5797.381,4957.091,4846.338,5133.653,5360.689,4658.767,4500.741,4330.798,5527.964,4194.298,5655.973
1105723,A,TO_EHG_PH,E7000,KTOE,FR,404.447,448.82,438.637,399.21,347.234,417.899,482.586,468.32,458.445,538.434,546.284,506.373,597.797,595.573,589.662,532.479,590.176,625.062,533.89,556.462,543.717,442.747,423.807,442.866,498.485,426.233,416.71,441.415,460.936,400.582,386.994,372.382,475.319,360.645,486.326
1105764,A,TO_EHG_PH,E7000,TJ,FR,16933.368,18791.18,18364.857,16714.116,14537.985,17496.608,20204.908,19607.609,19194.175,22543.142,22871.819,21200.843,25028.575,24935.443,24687.95,22293.822,24709.505,26170.081,22352.9,23297.949,22764.337,18536.947,17743.939,18541.904,20870.572,17845.528,17446.817,18481.151,19298.48,16771.561,16202.668,15590.873,19900.67,15099.473,20361.503
1114333,A,TO_GTL,E7000,GWH,FR,,,,,,,,,,,,,,,,,,,,,,,,,,,,,,,,,,,
1114373,A,TO_GTL,E7000,KTOE,FR,,,,,,,,,,,,,,,,,,,,,,,,,,,,,,,,,,,
1114413,A,TO_GTL,E7000,TJ,FR,,,,,,,,,,,,,,,,,,,,,,,,,,,,,,,,,,,
1123003,A,TO_GW,E7000,GWH,FR,,,,,,,,,,,,,,,,,,,,,,,,,,,,,,,,,,,
1123043,A,TO_GW,E7000,KTOE,FR,,,,,,,,,,,,,,,,,,,,,,,,,,,,,,,,,,,
1123083,A,TO_GW,E7000,TJ,FR,,,,,,,,,,,,,,,,,,,,,,,,,,,,,,,,,,,
1131652,A,TO_LBB,E7000,GWH,FR,,,,,,,,,,,,,,,,,,,,,,,,,,,,,,,,,,,
1131692,A,TO_LBB,E7000,KTOE,FR,,,,,,,,,,,,,,,,,,,,,,,,,,,,,,,,,,,
1131732,A,TO_LBB,E7000,TJ,FR,,,,,,,,,,,,,,,,,,,,,,,,,,,,,,,,,,,
1140346,A,TO_NSP,E7000,GWH,FR,,,,,,,,,,,,,,,,,,,,,,,,,,,,,,,,,,,
1140386,A,TO_NSP,E7000,KTOE,FR,,,,,,,,,,,,,,,,,,,,,,,,,,,,,,,,,,,
1140426,A,TO_NSP,E7000,TJ,FR,,,,,,,,,,,,,,,,,,,,,,,,,,,,,,,,,,,
1149016,A,TO_PF,E7000,GWH,FR,,,,,,,,,,,,,,,,,,,,,,,,,,,,,,,,,,,
1149056,A,TO_PF,E7000,KTOE,FR,,,,,,,,,,,,,,,,,,,,,,,,,,,,,,,,,,,
1149096,A,TO_PF,E7000,TJ,FR,,,,,,,,,,,,,,,,,,,,,,,,,,,,,,,,,,,
1157665,A,TO_RPI,E7000,GWH,FR,,,,,,,,,,,,,,,,,,,,,,,,,,,,,,,,,,,
1157705,A,TO_RPI,E7000,KTOE,FR,,,,,,,,,,,,,,,,,,,,,,,,,,,,,,,,,,,
1157745,A,TO_RPI,E7000,TJ,FR,,,,,,,,,,,,,,,,,,,,,,,,,,,,,,,,,,,
1166395,A,TO_RPI_BKFLOW,E7000,GWH,FR,,,,,,,,,,,,,,,,,,,,,,,,,,,,,,,,,,,
1166435,A,TO_RPI_BKFLOW,E7000,KTOE,FR,,,,,,,,,,,,,,,,,,,,,,,,,,,,,,,,,,,
1166475,A,TO_RPI_BKFLOW,E7000,TJ,FR,,,,,,,,,,,,,,,,,,,,,,,,,,,,,,,,,,,
1175050,A,TO_RPI_IT,E7000,GWH,FR,,,,,,,,,,,,,,,,,,,,,,,,,,,,,,,,,,,
1175090,A,TO_RPI_IT,E7000,KTOE,FR,,,,,,,,,,,,,,,,,,,,,,,,,,,,,,,,,,,
1175130,A,TO_RPI_IT,E7000,TJ,FR,,,,,,,,,,,,,,,,,,,,,,,,,,,,,,,,,,,
1183771,A,TO_RPI_PIR,E7000,GWH,FR,,,,,,,,,,,,,,,,,,,,,,,,,,,,,,,,,,,
1183811,A,TO_RPI_PIR,E7000,KTOE,FR,,,,,,,,,,,,,,,,,,,,,,,,,,,,,,,,,,,
1183851,A,TO_RPI_PIR,E7000,TJ,FR,,,,,,,,,,,,,,,,,,,,,,,,,,,,,,,,,,,
1192486,A,TO_RPI_PPR,E7000,GWH,FR,,,,,,,,,,,,,,,,,,,,,,,,,,,,,,,,,,,
1192526,A,TO_RPI_PPR,E7000,KTOE,FR,,,,,,,,,,,,,,,,,,,,,,,,,,,,,,,,,,,
1192566,A,TO_RPI_PPR,E7000,TJ,FR,,,,,,,,,,,,,,,,,,,,,,,,,,,,,,,,,,,
1201195,A,TO_RPI_PT,E7000,GWH,FR,,,,,,,,,,,,,,,,,,,,,,,,,,,,,,,,,,,
1201235,A,TO_RPI_PT,E7000,KTOE,FR,,,,,,,,,,,,,,,,,,,,,,,,,,,,,,,,,,,
1201275,A,TO_RPI_PT,E7000,TJ,FR,,,,,,,,,,,,,,,,,,,,,,,,,,,,,,,,,,,
1209850,A,TO_RPI_RO,E7000,GWH,FR,,,,,,,,,,,,,,,,,,,,,,,,,,,,,,,,,,,
1209890,A,TO_RPI_RO,E7000,KTOE,FR,,,,,,,,,,,,,,,,,,,,,,,,,,,,,,,,,,,
1209930,A,TO_RPI_RO,E7000,TJ,FR,,,,,,,,,,,,,,,,,,,,,,,,,,,,,,,,,,,
